index,date,season,year,month,is_holiday,weekday,is_working_day,weather_situation,temperature,apparent_temperature,humidity,windspeed,casual_rentals,registered_rentals,total_rentals,rental_category,windspeed_category,humidity_category,rolling_mean
1,2011-01-01,,2011,Jan,Not holiday,Sa,Not Workday,Cloudy/Broken clouds,0.344167,0.363625,0.805833,0.160446,331,654,985,Low,Low,Low,
2,2011-01-02,,2011,Jan,Not holiday,Su,Not Workday,Cloudy/Broken clouds,0.363478,0.353739,0.696087,0.248539,131,670,801,Low,Low,Low,
3,2011-01-03,,2011,Jan,Not holiday,Mo,Workingday,Clear/Few clouds,0.196364,0.189405,0.437273,0.248309,120,1229,1349,Low,Low,Low,
4,2011-01-04,,2011,Jan,Not holiday,Tu,Workingday,Clear/Few clouds,0.2,0.212122,0.590435,0.160296,108,1454,1562,Low,Low,Low,
5,2011-01-05,,2011,Jan,Not holiday,We,Workingday,Clear/Few clouds,0.226957,0.22927,0.436957,0.1869,82,1518,1600,Low,Low,Low,
6,2011-01-06,,2011,Jan,Not holiday,Th,Workingday,Clear/Few clouds,0.204348,0.233209,0.518261,0.0895652,88,1518,1606,Low,Low,Low,
7,2011-01-07,,2011,Jan,Not holiday,Fr,Workingday,Cloudy/Broken clouds,0.196522,0.208839,0.498696,0.168726,148,1362,1510,Low,Low,Low,1344.7142857142858
8,2011-01-08,,2011,Jan,Not holiday,Sa,Not Workday,Cloudy/Broken clouds,0.165,0.162254,0.535833,0.266804,68,891,959,Low,Low,Low,1341.0
9,2011-01-09,,2011,Jan,Not holiday,Su,Not Workday,Clear/Few clouds,0.138333,0.116175,0.434167,0.36195,54,768,822,Low,Low,Low,1344.0
10,2011-01-10,,2011,Jan,Not holiday,Mo,Workingday,Clear/Few clouds,0.150833,0.150888,0.482917,0.223267,41,1280,1321,Low,Low,Low,1340.0
11,2011-01-11,,2011,Jan,Not holiday,Tu,Workingday,Cloudy/Broken clouds,0.169091,0.191464,0.686364,0.122132,43,1220,1263,Low,Low,Low,1297.2857142857142
12,2011-01-12,,2011,Jan,Not holiday,We,Workingday,Clear/Few clouds,0.172727,0.160473,0.599545,0.304627,25,1137,1162,Low,Low,Low,1234.7142857142858
13,2011-01-13,,2011,Jan,Not holiday,Th,Workingday,Clear/Few clouds,0.165,0.150883,0.470417,0.301,38,1368,1406,Low,Low,Low,1206.142857142857
14,2011-01-14,,2011,Jan,Not holiday,Fr,Workingday,Clear/Few clouds,0.16087,0.188413,0.537826,0.126548,54,1367,1421,Low,Low,Low,1193.4285714285713
15,2011-01-15,,2011,Jan,Not holiday,Sa,Not Workday,Cloudy/Broken clouds,0.233333,0.248112,0.49875,0.157963,222,1026,1248,Low,Low,Low,1234.7142857142858
16,2011-01-16,,2011,Jan,Not holiday,Su,Not Workday,Clear/Few clouds,0.231667,0.234217,0.48375,0.188433,251,953,1204,Low,Low,Low,1289.2857142857142
17,2011-01-17,,2011,Jan,Holiday,Mo,Not Workday,Cloudy/Broken clouds,0.175833,0.176771,0.5375,0.194017,117,883,1000,Low,Low,Low,1243.4285714285713
18,2011-01-18,,2011,Jan,Not holiday,Tu,Workingday,Cloudy/Broken clouds,0.216667,0.232333,0.861667,0.146775,9,674,683,Low,Low,Low,1160.5714285714287
19,2011-01-19,,2011,Jan,Not holiday,We,Workingday,Cloudy/Broken clouds,0.292174,0.298422,0.741739,0.208317,78,1572,1650,Low,Low,Low,1230.2857142857142
20,2011-01-20,,2011,Jan,Not holiday,Th,Workingday,Cloudy/Broken clouds,0.261667,0.25505,0.538333,0.195904,83,1844,1927,Low,Low,Low,1304.7142857142858
21,2011-01-21,,2011,Jan,Not holiday,Fr,Workingday,Clear/Few clouds,0.1775,0.157833,0.457083,0.353242,75,1468,1543,Low,Low,Low,1322.142857142857
22,2011-01-22,,2011,Jan,Not holiday,Sa,Not Workday,Clear/Few clouds,0.0591304,0.0790696,0.4,0.17197,93,888,981,Low,Low,Low,1284.0
23,2011-01-23,,2011,Jan,Not holiday,Su,Not Workday,Clear/Few clouds,0.0965217,0.0988391,0.436522,0.2466,150,836,986,Low,Low,Low,1252.857142857143
24,2011-01-24,,2011,Jan,Not holiday,Mo,Workingday,Clear/Few clouds,0.0973913,0.11793,0.491739,0.15833,86,1330,1416,Low,Low,Low,1312.2857142857142
25,2011-01-25,,2011,Jan,Not holiday,Tu,Workingday,Cloudy/Broken clouds,0.223478,0.234526,0.616957,0.129796,186,1799,1985,Low,Low,Low,1498.2857142857142
26,2011-01-26,,2011,Jan,Not holiday,We,Workingday,Light Rain/Snow,0.2175,0.2036,0.8625,0.29385,34,472,506,Low,Low,Low,1334.857142857143
27,2011-01-27,,2011,Jan,Not holiday,Th,Workingday,Clear/Few clouds,0.195,0.2197,0.6875,0.113837,15,416,431,Low,Low,Low,1121.142857142857
28,2011-01-28,,2011,Jan,Not holiday,Fr,Workingday,Cloudy/Broken clouds,0.203478,0.223317,0.793043,0.1233,38,1129,1167,Low,Low,Low,1067.4285714285713
29,2011-01-29,,2011,Jan,Not holiday,Sa,Not Workday,Clear/Few clouds,0.196522,0.212126,0.651739,0.145365,123,975,1098,Low,Low,Low,1084.142857142857
30,2011-01-30,,2011,Jan,Not holiday,Su,Not Workday,Clear/Few clouds,0.216522,0.250322,0.722174,0.0739826,140,956,1096,Low,Low,Low,1099.857142857143
31,2011-01-31,,2011,Jan,Not holiday,Mo,Workingday,Cloudy/Broken clouds,0.180833,0.18625,0.60375,0.187192,42,1459,1501,Low,Low,Low,1112.0
32,2011-02-01,,2011,Feb,Not holiday,Tu,Workingday,Cloudy/Broken clouds,0.192174,0.23453,0.829565,0.053213,47,1313,1360,Low,Low,Low,1022.7142857142857
33,2011-02-02,,2011,Feb,Not holiday,We,Workingday,Cloudy/Broken clouds,0.26,0.254417,0.775417,0.264308,72,1454,1526,Low,Low,Low,1168.4285714285713
34,2011-02-03,,2011,Feb,Not holiday,Th,Workingday,Clear/Few clouds,0.186957,0.177878,0.437826,0.277752,61,1489,1550,Low,Low,Low,1328.2857142857142
35,2011-02-04,,2011,Feb,Not holiday,Fr,Workingday,Cloudy/Broken clouds,0.211304,0.228587,0.585217,0.127839,88,1620,1708,Low,Low,Low,1405.5714285714287
36,2011-02-05,,2011,Feb,Not holiday,Sa,Not Workday,Cloudy/Broken clouds,0.233333,0.243058,0.929167,0.161079,100,905,1005,Low,Low,Low,1392.2857142857142
37,2011-02-06,,2011,Feb,Not holiday,Su,Not Workday,Clear/Few clouds,0.285833,0.291671,0.568333,0.1418,354,1269,1623,Low,Low,Low,1467.5714285714287
38,2011-02-07,,2011,Feb,Not holiday,Mo,Workingday,Clear/Few clouds,0.271667,0.303658,0.738333,0.0454083,120,1592,1712,Low,Low,Low,1497.7142857142858
39,2011-02-08,,2011,Feb,Not holiday,Tu,Workingday,Clear/Few clouds,0.220833,0.198246,0.537917,0.36195,64,1466,1530,Low,Low,Low,1522.0
40,2011-02-09,,2011,Feb,Not holiday,We,Workingday,Cloudy/Broken clouds,0.134783,0.144283,0.494783,0.188839,53,1552,1605,Low,Low,Low,1533.2857142857142
41,2011-02-10,,2011,Feb,Not holiday,Th,Workingday,Clear/Few clouds,0.144348,0.149548,0.437391,0.221935,47,1491,1538,Low,Low,Low,1531.5714285714287
42,2011-02-11,,2011,Feb,Not holiday,Fr,Workingday,Clear/Few clouds,0.189091,0.213509,0.506364,0.10855,149,1597,1746,Low,Low,Low,1537.0
43,2011-02-12,,2011,Feb,Not holiday,Sa,Not Workday,Clear/Few clouds,0.2225,0.232954,0.544167,0.203367,288,1184,1472,Low,Low,Low,1603.7142857142858
44,2011-02-13,,2011,Feb,Not holiday,Su,Not Workday,Clear/Few clouds,0.316522,0.324113,0.457391,0.260883,397,1192,1589,Low,Low,Low,1598.857142857143
46,2011-02-15,,2011,Feb,Not holiday,Tu,Workingday,Clear/Few clouds,0.266087,0.254274,0.314348,0.291374,140,1675,1815,Low,Low,Low,1613.5714285714287
47,2011-02-16,,2011,Feb,Not holiday,We,Workingday,Clear/Few clouds,0.318261,0.3162,0.423478,0.251791,218,1897,2115,Low,Low,Low,1697.142857142857
48,2011-02-17,,2011,Feb,Not holiday,Th,Workingday,Clear/Few clouds,0.435833,0.428658,0.505,0.230104,259,2216,2475,Low,Low,Low,1821.4285714285713
49,2011-02-18,,2011,Feb,Not holiday,Fr,Workingday,Clear/Few clouds,0.521667,0.511983,0.516667,0.264925,579,2348,2927,Normal,Low,Low,2019.857142857143
51,2011-02-20,,2011,Feb,Not holiday,Su,Not Workday,Clear/Few clouds,0.285217,0.27733,0.407826,0.223235,639,1173,1812,Low,Low,Low,2029.2857142857142
52,2011-02-21,,2011,Feb,Holiday,Mo,Not Workday,Cloudy/Broken clouds,0.303333,0.284075,0.605,0.307846,195,912,1107,Low,Low,Low,1977.142857142857
53,2011-02-22,,2011,Feb,Not holiday,Tu,Workingday,Clear/Few clouds,0.182222,0.186033,0.577778,0.195683,74,1376,1450,Low,Low,Low,1957.2857142857142
54,2011-02-23,,2011,Feb,Not holiday,We,Workingday,Clear/Few clouds,0.221739,0.245717,0.423043,0.094113,139,1778,1917,Low,Low,Low,1971.857142857143
55,2011-02-24,,2011,Feb,Not holiday,Th,Workingday,Cloudy/Broken clouds,0.295652,0.289191,0.697391,0.250496,100,1707,1807,Low,Low,Low,1927.857142857143
56,2011-02-25,,2011,Feb,Not holiday,Fr,Workingday,Cloudy/Broken clouds,0.364348,0.350461,0.712174,0.346539,120,1341,1461,Low,Low,Low,1783.0
57,2011-02-26,,2011,Feb,Not holiday,Sa,Not Workday,Clear/Few clouds,0.2825,0.282192,0.537917,0.186571,424,1545,1969,Low,Low,Low,1646.142857142857
58,2011-02-27,,2011,Feb,Not holiday,Su,Not Workday,Clear/Few clouds,0.343478,0.351109,0.68,0.125248,694,1708,2402,Low,Low,Low,1730.4285714285713
59,2011-02-28,,2011,Feb,Not holiday,Mo,Workingday,Cloudy/Broken clouds,0.407273,0.400118,0.876364,0.289686,81,1365,1446,Low,Low,Low,1778.857142857143
60,2011-03-01,,2011,Mar,Not holiday,Tu,Workingday,Clear/Few clouds,0.266667,0.263879,0.535,0.216425,137,1714,1851,Low,Low,Low,1836.142857142857
61,2011-03-02,,2011,Mar,Not holiday,We,Workingday,Clear/Few clouds,0.335,0.320071,0.449583,0.307833,231,1903,2134,Low,Low,Low,1867.142857142857
62,2011-03-03,,2011,Mar,Not holiday,Th,Workingday,Clear/Few clouds,0.198333,0.200133,0.318333,0.225754,123,1562,1685,Low,Low,Low,1849.7142857142858
63,2011-03-04,,2011,Mar,Not holiday,Fr,Workingday,Cloudy/Broken clouds,0.261667,0.255679,0.610417,0.203346,214,1730,1944,Low,Low,Low,1918.7142857142858
64,2011-03-05,,2011,Mar,Not holiday,Sa,Not Workday,Cloudy/Broken clouds,0.384167,0.378779,0.789167,0.251871,640,1437,2077,Low,Low,Low,1934.142857142857
65,2011-03-06,,2011,Mar,Not holiday,Su,Not Workday,Cloudy/Broken clouds,0.376522,0.366252,0.948261,0.343287,114,491,605,Low,Low,Low,1677.4285714285713
66,2011-03-07,,2011,Mar,Not holiday,Mo,Workingday,Clear/Few clouds,0.261739,0.238461,0.551304,0.341352,244,1628,1872,Low,Low,Low,1738.2857142857142
67,2011-03-08,,2011,Mar,Not holiday,Tu,Workingday,Clear/Few clouds,0.2925,0.3024,0.420833,0.12065,316,1817,2133,Low,Low,Low,1778.5714285714287
68,2011-03-09,,2011,Mar,Not holiday,We,Workingday,Cloudy/Broken clouds,0.295833,0.286608,0.775417,0.22015,191,1700,1891,Low,Low,Low,1743.857142857143
70,2011-03-11,,2011,Mar,Not holiday,Fr,Workingday,Cloudy/Broken clouds,0.316522,0.305,0.649565,0.23297,247,1730,1977,Low,Low,Low,1785.5714285714287
71,2011-03-12,,2011,Mar,Not holiday,Sa,Not Workday,Clear/Few clouds,0.329167,0.32575,0.594583,0.220775,724,1408,2132,Low,Low,Low,1812.4285714285713
72,2011-03-13,,2011,Mar,Not holiday,Su,Not Workday,Clear/Few clouds,0.384348,0.380091,0.527391,0.270604,982,1435,2417,Low,Low,Low,1861.0
73,2011-03-14,,2011,Mar,Not holiday,Mo,Workingday,Clear/Few clouds,0.325217,0.332,0.496957,0.136926,359,1687,2046,Low,Low,Low,2066.8571428571427
74,2011-03-15,,2011,Mar,Not holiday,Tu,Workingday,Cloudy/Broken clouds,0.317391,0.318178,0.655652,0.184309,289,1767,2056,Low,Low,Low,2093.1428571428573
75,2011-03-16,,2011,Mar,Not holiday,We,Workingday,Cloudy/Broken clouds,0.365217,0.36693,0.776522,0.203117,321,1871,2192,Low,Low,Low,2101.5714285714284
76,2011-03-17,,2011,Mar,Not holiday,Th,Workingday,Clear/Few clouds,0.415,0.410333,0.602917,0.209579,424,2320,2744,Normal,Low,Low,2223.4285714285716
77,2011-03-18,,2011,Mar,Not holiday,Fr,Workingday,Clear/Few clouds,0.54,0.527009,0.525217,0.231017,884,2355,3239,Normal,Low,Low,2403.714285714286
78,2011-03-19,,2011,Mar,Not holiday,Sa,Not Workday,Clear/Few clouds,0.4725,0.466525,0.379167,0.368167,1424,1693,3117,Normal,Low,Low,2544.4285714285716
79,2011-03-20,,2011,Mar,Not holiday,Su,Not Workday,Clear/Few clouds,0.3325,0.32575,0.47375,0.207721,1047,1424,2471,Low,Low,Low,2552.1428571428573
80,2011-03-21,,2011,Mar,Not holiday,Mo,Workingday,Cloudy/Broken clouds,0.430435,0.409735,0.737391,0.288783,401,1676,2077,Low,Low,Low,2556.5714285714284
81,2011-03-22,,2011,Mar,Not holiday,Tu,Workingday,Clear/Few clouds,0.441667,0.440642,0.624583,0.22575,460,2243,2703,Normal,Low,Low,2649.0
82,2011-03-23,,2011,Mar,Not holiday,We,Workingday,Cloudy/Broken clouds,0.346957,0.337939,0.839565,0.234261,203,1918,2121,Low,Low,Low,2638.8571428571427
83,2011-03-24,,2011,Mar,Not holiday,Th,Workingday,Cloudy/Broken clouds,0.285,0.270833,0.805833,0.243787,166,1699,1865,Low,Low,Low,2513.285714285714
84,2011-03-25,,2011,Mar,Not holiday,Fr,Workingday,Clear/Few clouds,0.264167,0.256312,0.495,0.230725,300,1910,2210,Low,Low,Low,2366.285714285714
85,2011-03-26,,2011,Mar,Not holiday,Sa,Not Workday,Clear/Few clouds,0.265833,0.257571,0.394167,0.209571,981,1515,2496,Low,Low,Low,2277.5714285714284
86,2011-03-27,,2011,Mar,Not holiday,Su,Not Workday,Cloudy/Broken clouds,0.253043,0.250339,0.493913,0.1843,472,1221,1693,Low,Low,Low,2166.4285714285716
87,2011-03-28,,2011,Mar,Not holiday,Mo,Workingday,Clear/Few clouds,0.264348,0.257574,0.302174,0.212204,222,1806,2028,Low,Low,Low,2159.4285714285716
88,2011-03-29,,2011,Mar,Not holiday,Tu,Workingday,Clear/Few clouds,0.3025,0.292908,0.314167,0.226996,317,2108,2425,Low,Low,Low,2119.714285714286
89,2011-03-30,,2011,Mar,Not holiday,We,Workingday,Cloudy/Broken clouds,0.3,0.29735,0.646667,0.172888,168,1368,1536,Low,Low,Low,2036.142857142857
90,2011-03-31,,2011,Mar,Not holiday,Th,Workingday,Light Rain/Snow,0.268333,0.257575,0.918333,0.217646,179,1506,1685,Low,Low,Low,2010.4285714285713
91,2011-04-01,,2011,Apr,Not holiday,Fr,Workingday,Cloudy/Broken clouds,0.3,0.283454,0.68625,0.258708,307,1920,2227,Low,Low,Low,2012.857142857143
92,2011-04-02,,2011,Apr,Not holiday,Sa,Not Workday,Cloudy/Broken clouds,0.315,0.315637,0.65375,0.197146,898,1354,2252,Low,Low,Low,1978.0
93,2011-04-03,,2011,Apr,Not holiday,Su,Not Workday,Clear/Few clouds,0.378333,0.378767,0.48,0.182213,1651,1598,3249,Normal,Low,Low,2200.285714285714
96,2011-04-06,,2011,Apr,Not holiday,We,Workingday,Clear/Few clouds,0.390833,0.387608,0.470833,0.263063,413,2395,2808,Normal,Low,Low,2311.714285714286
97,2011-04-07,,2011,Apr,Not holiday,Th,Workingday,Clear/Few clouds,0.4375,0.433696,0.602917,0.162312,571,2570,3141,Normal,Low,Low,2414.0
98,2011-04-08,,2011,Apr,Not holiday,Fr,Workingday,Cloudy/Broken clouds,0.335833,0.324479,0.83625,0.226992,172,1299,1471,Low,Low,Low,2404.714285714286
99,2011-04-09,,2011,Apr,Not holiday,Sa,Not Workday,Cloudy/Broken clouds,0.3425,0.341529,0.8775,0.133083,879,1576,2455,Low,Low,Low,2514.714285714286
100,2011-04-10,,2011,Apr,Not holiday,Su,Not Workday,Cloudy/Broken clouds,0.426667,0.426737,0.8575,0.146767,1188,1707,2895,Normal,Low,Low,2610.1428571428573
101,2011-04-11,,2011,Apr,Not holiday,Mo,Workingday,Cloudy/Broken clouds,0.595652,0.565217,0.716956,0.324474,855,2493,3348,Normal,Low,Low,2766.714285714286
102,2011-04-12,,2011,Apr,Not holiday,Tu,Workingday,Cloudy/Broken clouds,0.5025,0.493054,0.739167,0.274879,257,1777,2034,Low,Low,Low,2593.1428571428573
103,2011-04-13,,2011,Apr,Not holiday,We,Workingday,Cloudy/Broken clouds,0.4125,0.417283,0.819167,0.250617,209,1953,2162,Low,Low,Low,2500.8571428571427
104,2011-04-14,,2011,Apr,Not holiday,Th,Workingday,Clear/Few clouds,0.4675,0.462742,0.540417,0.1107,529,2738,3267,Normal,Low,Low,2518.8571428571427
105,2011-04-15,,2011,Apr,Holiday,Fr,Not Workday,Clear/Few clouds,0.446667,0.441913,0.67125,0.226375,642,2484,3126,Normal,Low,Low,2755.285714285714
106,2011-04-16,,2011,Apr,Not holiday,Sa,Not Workday,Light Rain/Snow,0.430833,0.425492,0.888333,0.340808,121,674,795,Low,Low,Low,2518.1428571428573
107,2011-04-17,,2011,Apr,Not holiday,Su,Not Workday,Clear/Few clouds,0.456667,0.445696,0.479583,0.303496,1558,2186,3744,Normal,Low,Low,2639.4285714285716
108,2011-04-18,,2011,Apr,Not holiday,Mo,Workingday,Clear/Few clouds,0.5125,0.503146,0.5425,0.163567,669,2760,3429,Normal,Low,Low,2651.0
109,2011-04-19,,2011,Apr,Not holiday,Tu,Workingday,Cloudy/Broken clouds,0.505833,0.489258,0.665833,0.157971,409,2795,3204,Normal,Low,Low,2818.1428571428573
110,2011-04-20,,2011,Apr,Not holiday,We,Workingday,Clear/Few clouds,0.595,0.564392,0.614167,0.241925,613,3331,3944,Normal,Low,Low,3072.714285714286
111,2011-04-21,,2011,Apr,Not holiday,Th,Workingday,Clear/Few clouds,0.459167,0.453892,0.407083,0.325258,745,3444,4189,Normal,Low,Low,3204.4285714285716
112,2011-04-22,,2011,Apr,Not holiday,Fr,Workingday,Cloudy/Broken clouds,0.336667,0.321954,0.729583,0.219521,177,1506,1683,Low,Low,Low,2998.285714285714
113,2011-04-23,,2011,Apr,Not holiday,Sa,Not Workday,Cloudy/Broken clouds,0.46,0.450121,0.887917,0.230725,1462,2574,4036,Normal,Low,Low,3461.285714285714
114,2011-04-24,,2011,Apr,Not holiday,Su,Not Workday,Cloudy/Broken clouds,0.581667,0.551763,0.810833,0.192175,1710,2481,4191,Normal,Low,Low,3525.1428571428573
115,2011-04-25,,2011,Apr,Not holiday,Mo,Workingday,Clear/Few clouds,0.606667,0.5745,0.776667,0.185333,773,3300,4073,Normal,Low,Low,3617.1428571428573
116,2011-04-26,,2011,Apr,Not holiday,Tu,Workingday,Clear/Few clouds,0.631667,0.594083,0.729167,0.3265,678,3722,4400,Normal,Low,Low,3788.0
117,2011-04-27,,2011,Apr,Not holiday,We,Workingday,Cloudy/Broken clouds,0.62,0.575142,0.835417,0.3122,547,3325,3872,Normal,Low,Low,3777.714285714286
118,2011-04-28,,2011,Apr,Not holiday,Th,Workingday,Cloudy/Broken clouds,0.6175,0.578929,0.700833,0.320908,569,3489,4058,Normal,Low,Low,3759.0
119,2011-04-29,,2011,Apr,Not holiday,Fr,Workingday,Clear/Few clouds,0.51,0.497463,0.457083,0.240063,878,3717,4595,Normal,Low,Low,4175.0
120,2011-04-30,,2011,Apr,Not holiday,Sa,Not Workday,Clear/Few clouds,0.4725,0.464021,0.503333,0.235075,1965,3347,5312,Normal,Low,Low,4357.285714285715
121,2011-05-01,,2011,May,Not holiday,Su,Not Workday,Cloudy/Broken clouds,0.451667,0.448204,0.762083,0.106354,1138,2213,3351,Normal,Low,Low,4237.285714285715
122,2011-05-02,,2011,May,Not holiday,Mo,Workingday,Cloudy/Broken clouds,0.549167,0.532833,0.73,0.183454,847,3554,4401,Normal,Low,Low,4284.142857142857
123,2011-05-03,,2011,May,Not holiday,Tu,Workingday,Cloudy/Broken clouds,0.616667,0.582079,0.697083,0.342667,603,3848,4451,Normal,Low,Low,4291.428571428572
124,2011-05-04,,2011,May,Not holiday,We,Workingday,Cloudy/Broken clouds,0.414167,0.40465,0.737083,0.328996,255,2378,2633,Normal,Low,Low,4114.428571428572
125,2011-05-05,,2011,May,Not holiday,Th,Workingday,Clear/Few clouds,0.459167,0.441917,0.444167,0.295392,614,3819,4433,Normal,Low,Low,4168.0
126,2011-05-06,,2011,May,Not holiday,Fr,Workingday,Clear/Few clouds,0.479167,0.474117,0.59,0.228246,894,3714,4608,Normal,Low,Low,4169.857142857143
127,2011-05-07,,2011,May,Not holiday,Sa,Not Workday,Clear/Few clouds,0.52,0.512621,0.54125,0.16045,1612,3102,4714,Normal,Low,Low,4084.4285714285716
128,2011-05-08,,2011,May,Not holiday,Su,Not Workday,Clear/Few clouds,0.528333,0.518933,0.631667,0.0746375,1401,2932,4333,Normal,Low,Low,4224.714285714285
129,2011-05-09,,2011,May,Not holiday,Mo,Workingday,Clear/Few clouds,0.5325,0.525246,0.58875,0.176,664,3698,4362,Normal,Low,Low,4219.142857142857
130,2011-05-10,,2011,May,Not holiday,Tu,Workingday,Clear/Few clouds,0.5325,0.522721,0.489167,0.115671,694,4109,4803,Normal,Low,Low,4269.428571428572
131,2011-05-11,,2011,May,Not holiday,We,Workingday,Clear/Few clouds,0.5425,0.5284,0.632917,0.120642,550,3632,4182,Normal,Low,Low,4490.714285714285
132,2011-05-12,,2011,May,Not holiday,Th,Workingday,Clear/Few clouds,0.535,0.523363,0.7475,0.189667,695,4169,4864,Normal,Low,Low,4552.285714285715
133,2011-05-13,,2011,May,Not holiday,Fr,Workingday,Cloudy/Broken clouds,0.5125,0.4943,0.863333,0.179725,692,3413,4105,Normal,Low,Low,4480.428571428572
134,2011-05-14,,2011,May,Not holiday,Sa,Not Workday,Cloudy/Broken clouds,0.520833,0.500629,0.9225,0.13495,902,2507,3409,Normal,Low,Low,4294.0
135,2011-05-15,,2011,May,Not holiday,Su,Not Workday,Cloudy/Broken clouds,0.5625,0.536,0.867083,0.152979,1582,2971,4553,Normal,Low,Low,4325.428571428572
136,2011-05-16,,2011,May,Not holiday,Mo,Workingday,Clear/Few clouds,0.5775,0.550512,0.787917,0.126871,773,3185,3958,Normal,Low,Low,4267.714285714285
137,2011-05-17,,2011,May,Not holiday,Tu,Workingday,Cloudy/Broken clouds,0.561667,0.538529,0.837917,0.277354,678,3445,4123,Normal,Low,Low,4170.571428571428
138,2011-05-18,,2011,May,Not holiday,We,Workingday,Cloudy/Broken clouds,0.55,0.527158,0.87,0.201492,536,3319,3855,Normal,Low,Low,4123.857142857143
139,2011-05-19,,2011,May,Not holiday,Th,Workingday,Cloudy/Broken clouds,0.530833,0.510742,0.829583,0.108213,735,3840,4575,Normal,Low,Low,4082.5714285714284
140,2011-05-20,,2011,May,Not holiday,Fr,Workingday,Clear/Few clouds,0.536667,0.529042,0.719583,0.125013,909,4008,4917,Normal,Low,Low,4198.571428571428
141,2011-05-21,,2011,May,Not holiday,Sa,Not Workday,Clear/Few clouds,0.6025,0.571975,0.626667,0.12065,2258,3547,5805,Normal,Low,Low,4540.857142857143
142,2011-05-22,,2011,May,Not holiday,Su,Not Workday,Clear/Few clouds,0.604167,0.5745,0.749583,0.148008,1576,3084,4660,Normal,Low,Low,4556.142857142857
143,2011-05-23,,2011,May,Not holiday,Mo,Workingday,Cloudy/Broken clouds,0.631667,0.590296,0.81,0.233842,836,3438,4274,Normal,Low,Low,4601.285714285715
144,2011-05-24,,2011,May,Not holiday,Tu,Workingday,Cloudy/Broken clouds,0.66,0.604813,0.740833,0.207092,659,3833,4492,Normal,Low,Low,4654.0
145,2011-05-25,,2011,May,Not holiday,We,Workingday,Clear/Few clouds,0.660833,0.615542,0.69625,0.154233,740,4238,4978,Normal,Low,Low,4814.428571428572
146,2011-05-26,,2011,May,Not holiday,Th,Workingday,Clear/Few clouds,0.708333,0.654688,0.6775,0.199642,758,3919,4677,Normal,Low,Low,4829.0
147,2011-05-27,,2011,May,Not holiday,Fr,Workingday,Clear/Few clouds,0.681667,0.637008,0.65375,0.240679,871,3808,4679,Normal,Low,Low,4795.0
148,2011-05-28,,2011,May,Not holiday,Sa,Not Workday,Clear/Few clouds,0.655833,0.612379,0.729583,0.230092,2001,2757,4758,Normal,Low,Low,4645.428571428572
150,2011-05-30,,2011,May,Holiday,Mo,Not Workday,Clear/Few clouds,0.733333,0.671092,0.685,0.131225,1549,2549,4098,Normal,Low,Low,4565.142857142857
151,2011-05-31,,2011,May,Not holiday,Tu,Workingday,Clear/Few clouds,0.775,0.725383,0.636667,0.111329,673,3309,3982,Normal,Low,Low,4523.428571428572
152,2011-06-01,,2011,Jun,Not holiday,We,Workingday,Cloudy/Broken clouds,0.764167,0.720967,0.677083,0.207092,513,3461,3974,Normal,Low,Low,4449.428571428572
153,2011-06-02,,2011,Jun,Not holiday,Th,Workingday,Clear/Few clouds,0.715,0.643942,0.305,0.292287,736,4232,4968,Normal,Low,Low,4448.0
154,2011-06-03,,2011,Jun,Not holiday,Fr,Workingday,Clear/Few clouds,0.62,0.587133,0.354167,0.253121,898,4414,5312,Normal,Low,Low,4538.714285714285
155,2011-06-04,,2011,Jun,Not holiday,Sa,Not Workday,Clear/Few clouds,0.635,0.594696,0.45625,0.123142,1869,3473,5342,Normal,Low,Low,4633.428571428572
156,2011-06-05,,2011,Jun,Not holiday,Su,Not Workday,Cloudy/Broken clouds,0.648333,0.616804,0.6525,0.138692,1685,3221,4906,Normal,Low,Low,4654.571428571428
157,2011-06-06,,2011,Jun,Not holiday,Mo,Workingday,Clear/Few clouds,0.678333,0.621858,0.6,0.121896,673,3875,4548,Normal,Low,Low,4718.857142857143
158,2011-06-07,,2011,Jun,Not holiday,Tu,Workingday,Clear/Few clouds,0.7075,0.65595,0.597917,0.187808,763,4070,4833,Normal,Low,Low,4840.428571428572
159,2011-06-08,,2011,Jun,Not holiday,We,Workingday,Clear/Few clouds,0.775833,0.727279,0.622083,0.136817,676,3725,4401,Normal,Low,Low,4901.428571428572
160,2011-06-09,,2011,Jun,Not holiday,Th,Workingday,Cloudy/Broken clouds,0.808333,0.757579,0.568333,0.149883,563,3352,3915,Normal,Low,Low,4751.0
161,2011-06-10,,2011,Jun,Not holiday,Fr,Workingday,Clear/Few clouds,0.755,0.703292,0.605,0.140554,815,3771,4586,Normal,Low,Low,4647.285714285715
162,2011-06-11,,2011,Jun,Not holiday,Sa,Not Workday,Clear/Few clouds,0.725,0.678038,0.654583,0.15485,1729,3237,4966,Normal,Low,Low,4593.571428571428
163,2011-06-12,,2011,Jun,Not holiday,Su,Not Workday,Clear/Few clouds,0.6925,0.643325,0.747917,0.163567,1467,2993,4460,Normal,Low,Low,4529.857142857143
164,2011-06-13,,2011,Jun,Not holiday,Mo,Workingday,Clear/Few clouds,0.635,0.601654,0.494583,0.30535,863,4157,5020,Normal,Low,Low,4597.285714285715
165,2011-06-14,,2011,Jun,Not holiday,Tu,Workingday,Clear/Few clouds,0.604167,0.591546,0.507083,0.269283,727,4164,4891,Normal,Low,Low,4605.571428571428
166,2011-06-15,,2011,Jun,Not holiday,We,Workingday,Clear/Few clouds,0.626667,0.587754,0.471667,0.167912,769,4411,5180,Normal,Low,Low,4716.857142857143
167,2011-06-16,,2011,Jun,Not holiday,Th,Workingday,Cloudy/Broken clouds,0.628333,0.595346,0.688333,0.206471,545,3222,3767,Normal,Low,Low,4695.714285714285
168,2011-06-17,,2011,Jun,Not holiday,Fr,Workingday,Clear/Few clouds,0.649167,0.600383,0.735833,0.143029,863,3981,4844,Normal,Low,Low,4732.571428571428
169,2011-06-18,,2011,Jun,Not holiday,Sa,Not Workday,Clear/Few clouds,0.696667,0.643954,0.670417,0.119408,1807,3312,5119,Normal,Low,Low,4754.428571428572
170,2011-06-19,,2011,Jun,Not holiday,Su,Not Workday,Cloudy/Broken clouds,0.699167,0.645846,0.666667,0.102,1639,3105,4744,Normal,Low,Low,4795.0
171,2011-06-20,,2011,Jun,Not holiday,Mo,Workingday,Cloudy/Broken clouds,0.635,0.595346,0.74625,0.155475,699,3311,4010,Normal,Low,Low,4650.714285714285
172,2011-06-21,,2011,Jun,Not holiday,Tu,Workingday,Cloudy/Broken clouds,0.680833,0.637646,0.770417,0.171025,774,4061,4835,Normal,Low,Low,4642.714285714285
173,2011-06-22,,2011,Jun,Not holiday,We,Workingday,Clear/Few clouds,0.733333,0.693829,0.7075,0.172262,661,3846,4507,Normal,Low,Low,4546.571428571428
174,2011-06-23,,2011,Jun,Not holiday,Th,Workingday,Cloudy/Broken clouds,0.728333,0.693833,0.703333,0.238804,746,4044,4790,Normal,Low,Low,4692.714285714285
175,2011-06-24,,2011,Jun,Not holiday,Fr,Workingday,Clear/Few clouds,0.724167,0.656583,0.573333,0.222025,969,4022,4991,Normal,Low,Low,4713.714285714285
176,2011-06-25,,2011,Jun,Not holiday,Sa,Not Workday,Clear/Few clouds,0.695,0.643313,0.483333,0.209571,1782,3420,5202,Normal,Low,Low,4725.571428571428
177,2011-06-26,,2011,Jun,Not holiday,Su,Not Workday,Clear/Few clouds,0.68,0.637629,0.513333,0.0945333,1920,3385,5305,Normal,Low,Low,4805.714285714285
178,2011-06-27,,2011,Jun,Not holiday,Mo,Workingday,Cloudy/Broken clouds,0.6825,0.637004,0.658333,0.107588,854,3854,4708,Normal,Low,Low,4905.428571428572
179,2011-06-28,,2011,Jun,Not holiday,Tu,Workingday,Clear/Few clouds,0.744167,0.692558,0.634167,0.144283,732,3916,4648,Normal,Low,Low,4878.714285714285
180,2011-06-29,,2011,Jun,Not holiday,We,Workingday,Clear/Few clouds,0.728333,0.654688,0.497917,0.261821,848,4377,5225,Normal,Low,Low,4981.285714285715
181,2011-06-30,,2011,Jun,Not holiday,Th,Workingday,Clear/Few clouds,0.696667,0.637008,0.434167,0.185312,1027,4488,5515,Normal,Low,Low,5084.857142857143
182,2011-07-01,,2011,Jul,Not holiday,Fr,Workingday,Clear/Few clouds,0.7225,0.652162,0.39625,0.102608,1246,4116,5362,Normal,Low,Low,5137.857142857143
183,2011-07-02,,2011,Jul,Not holiday,Sa,Not Workday,Clear/Few clouds,0.738333,0.667308,0.444583,0.115062,2204,2915,5119,Normal,Low,Low,5126.0
186,2011-07-05,,2011,Jul,Not holiday,Tu,Workingday,Clear/Few clouds,0.746667,0.696338,0.590417,0.126258,1031,3634,4665,Normal,Low,Low,5034.571428571428
187,2011-07-06,,2011,Jul,Not holiday,We,Workingday,Clear/Few clouds,0.72,0.685633,0.743333,0.149883,784,3845,4629,Normal,Low,Low,5023.285714285715
188,2011-07-07,,2011,Jul,Not holiday,Th,Workingday,Clear/Few clouds,0.75,0.686871,0.65125,0.1592,754,3838,4592,Normal,Low,Low,5015.285714285715
189,2011-07-08,,2011,Jul,Not holiday,Fr,Workingday,Cloudy/Broken clouds,0.709167,0.670483,0.757917,0.225129,692,3348,4040,Normal,Low,Low,4846.0
190,2011-07-09,,2011,Jul,Not holiday,Sa,Not Workday,Clear/Few clouds,0.733333,0.664158,0.609167,0.167912,1988,3348,5336,Normal,Low,Low,4820.428571428572
191,2011-07-10,,2011,Jul,Not holiday,Su,Not Workday,Clear/Few clouds,0.7475,0.690025,0.578333,0.183471,1743,3138,4881,Normal,Low,Low,4751.714285714285
192,2011-07-11,,2011,Jul,Not holiday,Mo,Workingday,Clear/Few clouds,0.7625,0.729804,0.635833,0.282337,723,3363,4086,Normal,Low,Low,4604.142857142857
193,2011-07-12,,2011,Jul,Not holiday,Tu,Workingday,Clear/Few clouds,0.794167,0.739275,0.559167,0.200254,662,3596,4258,Normal,Low,Low,4546.0
194,2011-07-13,,2011,Jul,Not holiday,We,Workingday,Clear/Few clouds,0.746667,0.689404,0.631667,0.146133,748,3594,4342,Normal,Low,Low,4505.0
195,2011-07-14,,2011,Jul,Not holiday,Th,Workingday,Clear/Few clouds,0.680833,0.635104,0.47625,0.240667,888,4196,5084,Normal,Low,Low,4575.285714285715
196,2011-07-15,,2011,Jul,Not holiday,Fr,Workingday,Clear/Few clouds,0.663333,0.624371,0.59125,0.182833,1318,4220,5538,Normal,Low,Low,4789.285714285715
198,2011-07-17,,2011,Jul,Not holiday,Su,Not Workday,Clear/Few clouds,0.719167,0.669833,0.604167,0.245033,2006,3296,5302,Normal,Low,Low,4784.428571428572
199,2011-07-18,,2011,Jul,Not holiday,Mo,Workingday,Clear/Few clouds,0.746667,0.703925,0.65125,0.215804,841,3617,4458,Normal,Low,Low,4724.0
200,2011-07-19,,2011,Jul,Not holiday,Tu,Workingday,Clear/Few clouds,0.776667,0.747479,0.650417,0.1306,752,3789,4541,Normal,Low,Low,4789.0
201,2011-07-20,,2011,Jul,Not holiday,We,Workingday,Clear/Few clouds,0.768333,0.74685,0.707083,0.113817,644,3688,4332,Normal,Low,Low,4799.571428571428
202,2011-07-21,,2011,Jul,Not holiday,Th,Workingday,Cloudy/Broken clouds,0.815,0.826371,0.69125,0.222021,632,3152,3784,Normal,Low,Low,4719.857142857143
203,2011-07-22,,2011,Jul,Not holiday,Fr,Workingday,Clear/Few clouds,0.848333,0.840896,0.580417,0.1331,562,2825,3387,Normal,Low,Low,4477.428571428572
204,2011-07-23,,2011,Jul,Not holiday,Sa,Not Workday,Clear/Few clouds,0.849167,0.804287,0.5,0.131221,987,2298,3285,Normal,Low,Low,4155.571428571428
205,2011-07-24,,2011,Jul,Not holiday,Su,Not Workday,Clear/Few clouds,0.83,0.794829,0.550833,0.169171,1050,2556,3606,Normal,Low,Low,3913.285714285714
206,2011-07-25,,2011,Jul,Not holiday,Mo,Workingday,Clear/Few clouds,0.743333,0.720958,0.757083,0.0908083,568,3272,3840,Normal,Low,Low,3825.0
207,2011-07-26,,2011,Jul,Not holiday,Tu,Workingday,Clear/Few clouds,0.771667,0.696979,0.540833,0.200258,750,3840,4590,Normal,Low,Low,3832.0
208,2011-07-27,,2011,Jul,Not holiday,We,Workingday,Clear/Few clouds,0.775,0.690667,0.402917,0.183463,755,3901,4656,Normal,Low,Low,3878.285714285714
209,2011-07-28,,2011,Jul,Not holiday,Th,Workingday,Clear/Few clouds,0.779167,0.7399,0.583333,0.178479,606,3784,4390,Normal,Low,Low,3964.8571428571427
210,2011-07-29,,2011,Jul,Not holiday,Fr,Workingday,Clear/Few clouds,0.838333,0.785967,0.5425,0.174138,670,3176,3846,Normal,Low,Low,4030.4285714285716
211,2011-07-30,,2011,Jul,Not holiday,Sa,Not Workday,Clear/Few clouds,0.804167,0.728537,0.465833,0.168537,1559,2916,4475,Normal,Low,Low,4200.428571428572
212,2011-07-31,,2011,Jul,Not holiday,Su,Not Workday,Clear/Few clouds,0.805833,0.729796,0.480833,0.164813,1524,2778,4302,Normal,Low,Low,4299.857142857143
213,2011-08-01,,2011,Aug,Not holiday,Mo,Workingday,Clear/Few clouds,0.771667,0.703292,0.550833,0.156717,729,3537,4266,Normal,Low,Low,4360.714285714285
214,2011-08-02,,2011,Aug,Not holiday,Tu,Workingday,Clear/Few clouds,0.783333,0.707071,0.49125,0.20585,801,4044,4845,Normal,Low,Low,4397.142857142857
215,2011-08-03,,2011,Aug,Not holiday,We,Workingday,Cloudy/Broken clouds,0.731667,0.679937,0.6575,0.135583,467,3107,3574,Normal,Low,Low,4242.571428571428
216,2011-08-04,,2011,Aug,Not holiday,Th,Workingday,Cloudy/Broken clouds,0.71,0.664788,0.7575,0.19715,799,3777,4576,Normal,Low,Low,4269.142857142857
217,2011-08-05,,2011,Aug,Not holiday,Fr,Workingday,Clear/Few clouds,0.710833,0.656567,0.630833,0.184696,1023,3843,4866,Normal,Low,Low,4414.857142857143
218,2011-08-06,,2011,Aug,Not holiday,Sa,Not Workday,Cloudy/Broken clouds,0.716667,0.676154,0.755,0.22825,1521,2773,4294,Normal,Low,Low,4389.0
219,2011-08-07,,2011,Aug,Not holiday,Su,Not Workday,Clear/Few clouds,0.7425,0.715292,0.752917,0.201487,1298,2487,3785,Normal,Low,Low,4315.142857142857
220,2011-08-08,,2011,Aug,Not holiday,Mo,Workingday,Clear/Few clouds,0.765,0.703283,0.592083,0.192175,846,3480,4326,Normal,Low,Low,4323.714285714285
221,2011-08-09,,2011,Aug,Not holiday,Tu,Workingday,Clear/Few clouds,0.775,0.724121,0.570417,0.151121,907,3695,4602,Normal,Low,Low,4289.0
222,2011-08-10,,2011,Aug,Not holiday,We,Workingday,Clear/Few clouds,0.766667,0.684983,0.424167,0.200258,884,3896,4780,Normal,Low,Low,4461.285714285715
223,2011-08-11,,2011,Aug,Not holiday,Th,Workingday,Clear/Few clouds,0.7175,0.651521,0.42375,0.164796,812,3980,4792,Normal,Low,Low,4492.142857142857
224,2011-08-12,,2011,Aug,Not holiday,Fr,Workingday,Clear/Few clouds,0.708333,0.654042,0.415,0.125621,1051,3854,4905,Normal,Low,Low,4497.714285714285
225,2011-08-13,,2011,Aug,Not holiday,Sa,Not Workday,Cloudy/Broken clouds,0.685833,0.645858,0.729583,0.211454,1504,2646,4150,Normal,Low,Low,4477.142857142857
226,2011-08-14,,2011,Aug,Not holiday,Su,Not Workday,Cloudy/Broken clouds,0.676667,0.624388,0.8175,0.222633,1338,2482,3820,Normal,Low,Low,4482.142857142857
227,2011-08-15,,2011,Aug,Not holiday,Mo,Workingday,Clear/Few clouds,0.665833,0.616167,0.712083,0.208954,775,3563,4338,Normal,Low,Low,4483.857142857143
228,2011-08-16,,2011,Aug,Not holiday,Tu,Workingday,Clear/Few clouds,0.700833,0.645837,0.578333,0.236329,721,4004,4725,Normal,Low,Low,4501.428571428572
229,2011-08-17,,2011,Aug,Not holiday,We,Workingday,Clear/Few clouds,0.723333,0.666671,0.575417,0.143667,668,4026,4694,Normal,Low,Low,4489.142857142857
230,2011-08-18,,2011,Aug,Not holiday,Th,Workingday,Clear/Few clouds,0.711667,0.662258,0.654583,0.233208,639,3166,3805,Normal,Low,Low,4348.142857142857
231,2011-08-19,,2011,Aug,Not holiday,Fr,Workingday,Cloudy/Broken clouds,0.685,0.633221,0.722917,0.139308,797,3356,4153,Normal,Low,Low,4240.714285714285
232,2011-08-20,,2011,Aug,Not holiday,Sa,Not Workday,Clear/Few clouds,0.6975,0.648996,0.674167,0.104467,1914,3277,5191,Normal,Low,Low,4389.428571428572
233,2011-08-21,,2011,Aug,Not holiday,Su,Not Workday,Clear/Few clouds,0.710833,0.675525,0.77,0.248754,1249,2624,3873,Normal,Low,Low,4397.0
234,2011-08-22,,2011,Aug,Not holiday,Mo,Workingday,Clear/Few clouds,0.691667,0.638254,0.47,0.27675,833,3925,4758,Normal,Low,Low,4457.0
235,2011-08-23,,2011,Aug,Not holiday,Tu,Workingday,Clear/Few clouds,0.640833,0.606067,0.455417,0.146763,1281,4614,5895,Normal,Low,Low,4624.142857142857
236,2011-08-24,,2011,Aug,Not holiday,We,Workingday,Clear/Few clouds,0.673333,0.630692,0.605,0.253108,949,4181,5130,Normal,Low,Low,4686.428571428572
237,2011-08-25,,2011,Aug,Not holiday,Th,Workingday,Cloudy/Broken clouds,0.684167,0.645854,0.771667,0.210833,435,3107,3542,Normal,Low,Low,4648.857142857143
238,2011-08-26,,2011,Aug,Not holiday,Fr,Workingday,Clear/Few clouds,0.7,0.659733,0.76125,0.0839625,768,3893,4661,Normal,Low,Low,4721.428571428572
239,2011-08-27,,2011,Aug,Not holiday,Sa,Not Workday,Cloudy/Broken clouds,0.68,0.635556,0.85,0.375617,226,889,1115,Low,Low,Low,4139.142857142857
240,2011-08-28,,2011,Aug,Not holiday,Su,Not Workday,Clear/Few clouds,0.707059,0.647959,0.561765,0.304659,1415,2919,4334,Normal,Low,Low,4205.0
241,2011-08-29,,2011,Aug,Not holiday,Mo,Workingday,Clear/Few clouds,0.636667,0.607958,0.554583,0.159825,729,3905,4634,Normal,Low,Low,4187.285714285715
242,2011-08-30,,2011,Aug,Not holiday,Tu,Workingday,Clear/Few clouds,0.639167,0.594704,0.548333,0.125008,775,4429,5204,Normal,Low,Low,4088.5714285714284
243,2011-08-31,,2011,Aug,Not holiday,We,Workingday,Clear/Few clouds,0.656667,0.611121,0.597917,0.0833333,688,4370,5058,Normal,Low,Low,4078.285714285714
244,2011-09-01,,2011,Sep,Not holiday,Th,Workingday,Clear/Few clouds,0.655,0.614921,0.639167,0.141796,783,4332,5115,Normal,Low,Low,4303.0
245,2011-09-02,,2011,Sep,Not holiday,Fr,Workingday,Cloudy/Broken clouds,0.643333,0.604808,0.727083,0.139929,875,3852,4727,Normal,Low,Low,4312.428571428572
246,2011-09-03,,2011,Sep,Not holiday,Sa,Not Workday,Clear/Few clouds,0.669167,0.633213,0.716667,0.185325,1935,2549,4484,Normal,Low,Low,4793.714285714285
248,2011-09-05,,2011,Sep,Holiday,Mo,Not Workday,Cloudy/Broken clouds,0.673333,0.625646,0.790417,0.212696,1236,2115,3351,Normal,Low,Low,4653.285714285715
249,2011-09-06,,2011,Sep,Not holiday,Tu,Workingday,Light Rain/Snow,0.54,0.5152,0.886957,0.343943,204,2506,2710,Normal,Low,Low,4378.428571428572
250,2011-09-07,,2011,Sep,Not holiday,We,Workingday,Light Rain/Snow,0.599167,0.544229,0.917083,0.0970208,118,1878,1996,Low,Low,Low,3920.1428571428573
251,2011-09-08,,2011,Sep,Not holiday,Th,Workingday,Light Rain/Snow,0.633913,0.555361,0.939565,0.192748,153,1689,1842,Low,Low,Low,3460.714285714286
252,2011-09-09,,2011,Sep,Not holiday,Fr,Workingday,Cloudy/Broken clouds,0.65,0.578946,0.897917,0.124379,417,3127,3544,Normal,Low,Low,3236.285714285714
253,2011-09-10,,2011,Sep,Not holiday,Sa,Not Workday,Clear/Few clouds,0.66,0.607962,0.75375,0.153608,1750,3595,5345,Normal,Low,Low,3324.5714285714284
254,2011-09-11,,2011,Sep,Not holiday,Su,Not Workday,Clear/Few clouds,0.653333,0.609229,0.71375,0.115054,1633,3413,5046,Normal,Low,Low,3404.8571428571427
255,2011-09-12,,2011,Sep,Not holiday,Mo,Workingday,Clear/Few clouds,0.644348,0.60213,0.692174,0.088913,690,4023,4713,Normal,Low,Low,3599.4285714285716
256,2011-09-13,,2011,Sep,Not holiday,Tu,Workingday,Clear/Few clouds,0.650833,0.603554,0.7125,0.141804,701,4062,4763,Normal,Low,Low,3892.714285714286
257,2011-09-14,,2011,Sep,Not holiday,We,Workingday,Clear/Few clouds,0.673333,0.6269,0.697083,0.1673,647,4138,4785,Normal,Low,Low,4291.142857142857
258,2011-09-15,,2011,Sep,Not holiday,Th,Workingday,Cloudy/Broken clouds,0.5775,0.553671,0.709167,0.271146,428,3231,3659,Normal,Low,Low,4550.714285714285
259,2011-09-16,,2011,Sep,Not holiday,Fr,Workingday,Cloudy/Broken clouds,0.469167,0.461475,0.590417,0.164183,742,4018,4760,Normal,Low,Low,4724.428571428572
260,2011-09-17,,2011,Sep,Not holiday,Sa,Not Workday,Cloudy/Broken clouds,0.491667,0.478512,0.718333,0.189675,1434,3077,4511,Normal,Low,Low,4605.285714285715
261,2011-09-18,,2011,Sep,Not holiday,Su,Not Workday,Clear/Few clouds,0.5075,0.490537,0.695,0.178483,1353,2921,4274,Normal,Low,Low,4495.0
262,2011-09-19,,2011,Sep,Not holiday,Mo,Workingday,Cloudy/Broken clouds,0.549167,0.529675,0.69,0.151742,691,3848,4539,Normal,Low,Low,4470.142857142857
263,2011-09-20,,2011,Sep,Not holiday,Tu,Workingday,Cloudy/Broken clouds,0.561667,0.532217,0.88125,0.134954,438,3203,3641,Normal,Low,Low,4309.857142857143
264,2011-09-21,,2011,Sep,Not holiday,We,Workingday,Cloudy/Broken clouds,0.595,0.550533,0.9,0.0964042,539,3813,4352,Normal,Low,Low,4248.0
265,2011-09-22,,2011,Sep,Not holiday,Th,Workingday,Cloudy/Broken clouds,0.628333,0.554963,0.902083,0.128125,555,4240,4795,Normal,Low,Low,4410.285714285715
266,2011-09-23,,2011,Sep,Not holiday,Fr,Workingday,Cloudy/Broken clouds,0.609167,0.522125,0.9725,0.0783667,258,2137,2395,Low,Low,Low,4072.4285714285716
267,2011-09-24,,2011,Sep,Not holiday,Sa,Not Workday,Cloudy/Broken clouds,0.606667,0.564412,0.8625,0.0783833,1776,3647,5423,Normal,Low,Low,4202.714285714285
268,2011-09-25,,2011,Sep,Not holiday,Su,Not Workday,Cloudy/Broken clouds,0.634167,0.572637,0.845,0.0503792,1544,3466,5010,Normal,Low,Low,4307.857142857143
269,2011-09-26,,2011,Sep,Not holiday,Mo,Workingday,Cloudy/Broken clouds,0.649167,0.589042,0.848333,0.1107,684,3946,4630,Normal,Low,Low,4320.857142857143
270,2011-09-27,,2011,Sep,Not holiday,Tu,Workingday,Cloudy/Broken clouds,0.636667,0.574525,0.885417,0.118171,477,3643,4120,Normal,Low,Low,4389.285714285715
271,2011-09-28,,2011,Sep,Not holiday,We,Workingday,Cloudy/Broken clouds,0.635,0.575158,0.84875,0.148629,480,3427,3907,Normal,Low,Low,4325.714285714285
272,2011-09-29,,2011,Sep,Not holiday,Th,Workingday,Clear/Few clouds,0.616667,0.574512,0.699167,0.172883,653,4186,4839,Normal,Low,Low,4332.0
273,2011-09-30,,2011,Sep,Not holiday,Fr,Workingday,Clear/Few clouds,0.564167,0.544829,0.6475,0.206475,830,4372,5202,Normal,Low,Low,4733.0
274,2011-10-01,,2011,Oct,Not holiday,Sa,Not Workday,Cloudy/Broken clouds,0.41,0.412863,0.75375,0.292296,480,1949,2429,Low,Low,Low,4305.285714285715
275,2011-10-02,,2011,Oct,Not holiday,Su,Not Workday,Cloudy/Broken clouds,0.356667,0.345317,0.791667,0.222013,616,2302,2918,Normal,Low,Low,4006.4285714285716
276,2011-10-03,,2011,Oct,Not holiday,Mo,Workingday,Cloudy/Broken clouds,0.384167,0.392046,0.760833,0.0833458,330,3240,3570,Normal,Low,Low,3855.0
277,2011-10-04,,2011,Oct,Not holiday,Tu,Workingday,Clear/Few clouds,0.484167,0.472858,0.71,0.205854,486,3970,4456,Normal,Low,Low,3903.0
278,2011-10-05,,2011,Oct,Not holiday,We,Workingday,Clear/Few clouds,0.538333,0.527138,0.647917,0.17725,559,4267,4826,Normal,Low,Low,4034.285714285714
279,2011-10-06,,2011,Oct,Not holiday,Th,Workingday,Clear/Few clouds,0.494167,0.480425,0.620833,0.134954,639,4126,4765,Normal,Low,Low,4023.714285714286
280,2011-10-07,,2011,Oct,Not holiday,Fr,Workingday,Clear/Few clouds,0.510833,0.504404,0.684167,0.0223917,949,4036,4985,Normal,Low,Low,3992.714285714286
281,2011-10-08,,2011,Oct,Not holiday,Sa,Not Workday,Clear/Few clouds,0.521667,0.513242,0.70125,0.0454042,2235,3174,5409,Normal,Low,Low,4418.428571428572
283,2011-10-10,,2011,Oct,Holiday,Mo,Not Workday,Clear/Few clouds,0.570833,0.542925,0.73375,0.0423042,1514,3603,5117,Normal,Low,Low,4732.571428571428
284,2011-10-11,,2011,Oct,Not holiday,Tu,Workingday,Cloudy/Broken clouds,0.566667,0.546096,0.80875,0.143042,667,3896,4563,Normal,Low,Low,4874.428571428572
285,2011-10-12,,2011,Oct,Not holiday,We,Workingday,Light Rain/Snow,0.543333,0.517717,0.90625,0.24815,217,2199,2416,Low,Low,Low,4583.0
286,2011-10-13,,2011,Oct,Not holiday,Th,Workingday,Cloudy/Broken clouds,0.589167,0.551804,0.896667,0.141787,290,2623,2913,Normal,Low,Low,4309.714285714285
287,2011-10-14,,2011,Oct,Not holiday,Fr,Workingday,Cloudy/Broken clouds,0.550833,0.529675,0.71625,0.223883,529,3115,3644,Normal,Low,Low,4149.571428571428
288,2011-10-15,,2011,Oct,Not holiday,Sa,Not Workday,Clear/Few clouds,0.506667,0.498725,0.483333,0.258083,1899,3318,5217,Normal,Low,Low,4182.714285714285
289,2011-10-16,,2011,Oct,Not holiday,Su,Not Workday,Clear/Few clouds,0.511667,0.503154,0.486667,0.281717,1748,3293,5041,Normal,Low,Low,4130.142857142857
290,2011-10-17,,2011,Oct,Not holiday,Mo,Workingday,Clear/Few clouds,0.534167,0.510725,0.579583,0.175379,713,3857,4570,Normal,Low,Low,4052.0
291,2011-10-18,,2011,Oct,Not holiday,Tu,Workingday,Cloudy/Broken clouds,0.5325,0.522721,0.701667,0.110087,637,4111,4748,Normal,Low,Low,4078.4285714285716
292,2011-10-19,,2011,Oct,Not holiday,We,Workingday,Light Rain/Snow,0.541739,0.513848,0.895217,0.243339,254,2170,2424,Low,Low,Low,4079.5714285714284
294,2011-10-21,,2011,Oct,Not holiday,Fr,Workingday,Clear/Few clouds,0.4275,0.423596,0.574167,0.221396,676,3628,4304,Normal,Low,Low,4278.285714285715
295,2011-10-22,,2011,Oct,Not holiday,Sa,Not Workday,Clear/Few clouds,0.4225,0.425492,0.629167,0.0926667,1499,2809,4308,Normal,Low,Low,4373.142857142857
296,2011-10-23,,2011,Oct,Not holiday,Su,Not Workday,Clear/Few clouds,0.421667,0.422333,0.74125,0.0995125,1619,2762,4381,Normal,Low,Low,4253.714285714285
297,2011-10-24,,2011,Oct,Not holiday,Mo,Workingday,Clear/Few clouds,0.463333,0.457067,0.772083,0.118792,699,3488,4187,Normal,Low,Low,4131.714285714285
298,2011-10-25,,2011,Oct,Not holiday,Tu,Workingday,Clear/Few clouds,0.471667,0.463375,0.622917,0.166658,695,3992,4687,Normal,Low,Low,4148.428571428572
299,2011-10-26,,2011,Oct,Not holiday,We,Workingday,Cloudy/Broken clouds,0.484167,0.472846,0.720417,0.148642,404,3490,3894,Normal,Low,Low,4026.4285714285716
300,2011-10-27,,2011,Oct,Not holiday,Th,Workingday,Cloudy/Broken clouds,0.47,0.457046,0.812917,0.197763,240,2419,2659,Normal,Low,Low,4060.0
301,2011-10-28,,2011,Oct,Not holiday,Fr,Workingday,Cloudy/Broken clouds,0.330833,0.318812,0.585833,0.229479,456,3291,3747,Normal,Low,Low,3980.4285714285716
302,2011-10-29,,2011,Oct,Not holiday,Sa,Not Workday,Light Rain/Snow,0.254167,0.227913,0.8825,0.351371,57,570,627,Low,Low,Low,3454.5714285714284
303,2011-10-30,,2011,Oct,Not holiday,Su,Not Workday,Clear/Few clouds,0.319167,0.321329,0.62375,0.176617,885,2446,3331,Normal,Low,Low,3304.5714285714284
304,2011-10-31,,2011,Oct,Not holiday,Mo,Workingday,Clear/Few clouds,0.34,0.356063,0.703333,0.10635,362,3307,3669,Normal,Low,Low,3230.5714285714284
305,2011-11-01,,2011,Nov,Not holiday,Tu,Workingday,Clear/Few clouds,0.400833,0.397088,0.68375,0.135571,410,3658,4068,Normal,Low,Low,3142.1428571428573
306,2011-11-02,,2011,Nov,Not holiday,We,Workingday,Clear/Few clouds,0.3775,0.390133,0.71875,0.0820917,370,3816,4186,Normal,Low,Low,3183.8571428571427
307,2011-11-03,,2011,Nov,Not holiday,Th,Workingday,Clear/Few clouds,0.408333,0.405921,0.702083,0.136817,318,3656,3974,Normal,Low,Low,3371.714285714286
308,2011-11-04,,2011,Nov,Not holiday,Fr,Workingday,Cloudy/Broken clouds,0.403333,0.403392,0.6225,0.271779,470,3576,4046,Normal,Low,Low,3414.4285714285716
309,2011-11-05,,2011,Nov,Not holiday,Sa,Not Workday,Clear/Few clouds,0.326667,0.323854,0.519167,0.189062,1156,2770,3926,Normal,Low,Low,3885.714285714286
310,2011-11-06,,2011,Nov,Not holiday,Su,Not Workday,Clear/Few clouds,0.348333,0.362358,0.734583,0.0920542,952,2697,3649,Normal,Low,Low,3931.1428571428573
311,2011-11-07,,2011,Nov,Not holiday,Mo,Workingday,Clear/Few clouds,0.395,0.400871,0.75875,0.057225,373,3662,4035,Normal,Low,Low,3983.4285714285716
312,2011-11-08,,2011,Nov,Not holiday,Tu,Workingday,Clear/Few clouds,0.408333,0.412246,0.721667,0.0690375,376,3829,4205,Normal,Low,Low,4003.0
313,2011-11-09,,2011,Nov,Not holiday,We,Workingday,Clear/Few clouds,0.4,0.409079,0.758333,0.0621958,305,3804,4109,Normal,Low,Low,3992.0
314,2011-11-10,,2011,Nov,Not holiday,Th,Workingday,Cloudy/Broken clouds,0.38,0.373721,0.813333,0.189067,190,2743,2933,Normal,Low,Low,3843.285714285714
315,2011-11-11,,2011,Nov,Holiday,Fr,Not Workday,Clear/Few clouds,0.324167,0.306817,0.44625,0.314675,440,2928,3368,Normal,Low,Low,3746.4285714285716
316,2011-11-12,,2011,Nov,Not holiday,Sa,Not Workday,Clear/Few clouds,0.356667,0.357942,0.552917,0.212062,1275,2792,4067,Normal,Low,Low,3766.5714285714284
317,2011-11-13,,2011,Nov,Not holiday,Su,Not Workday,Clear/Few clouds,0.440833,0.43055,0.458333,0.281721,1004,2713,3717,Normal,Low,Low,3776.285714285714
318,2011-11-14,,2011,Nov,Not holiday,Mo,Workingday,Clear/Few clouds,0.53,0.524612,0.587083,0.306596,595,3891,4486,Normal,Low,Low,3840.714285714286
319,2011-11-15,,2011,Nov,Not holiday,Tu,Workingday,Cloudy/Broken clouds,0.53,0.507579,0.68875,0.199633,449,3746,4195,Normal,Low,Low,3839.285714285714
320,2011-11-16,,2011,Nov,Not holiday,We,Workingday,Light Rain/Snow,0.456667,0.451988,0.93,0.136829,145,1672,1817,Low,Low,Low,3511.8571428571427
321,2011-11-17,,2011,Nov,Not holiday,Th,Workingday,Cloudy/Broken clouds,0.341667,0.323221,0.575833,0.305362,139,2914,3053,Normal,Low,Low,3529.0
322,2011-11-18,,2011,Nov,Not holiday,Fr,Workingday,Clear/Few clouds,0.274167,0.272721,0.41,0.168533,245,3147,3392,Normal,Low,Low,3532.4285714285716
323,2011-11-19,,2011,Nov,Not holiday,Sa,Not Workday,Clear/Few clouds,0.329167,0.324483,0.502083,0.224496,943,2720,3663,Normal,Low,Low,3474.714285714286
324,2011-11-20,,2011,Nov,Not holiday,Su,Not Workday,Cloudy/Broken clouds,0.463333,0.457058,0.684583,0.18595,787,2733,3520,Normal,Low,Low,3446.5714285714284
325,2011-11-21,,2011,Nov,Not holiday,Mo,Workingday,Light Rain/Snow,0.4475,0.445062,0.91,0.138054,220,2545,2765,Normal,Low,Low,3200.714285714286
326,2011-11-22,,2011,Nov,Not holiday,Tu,Workingday,Light Rain/Snow,0.416667,0.421696,0.9625,0.118792,69,1538,1607,Low,Low,Low,2831.0
327,2011-11-23,,2011,Nov,Not holiday,We,Workingday,Cloudy/Broken clouds,0.440833,0.430537,0.757917,0.335825,112,2454,2566,Normal,Low,Low,2938.0
328,2011-11-24,,2011,Nov,Holiday,Th,Not Workday,Clear/Few clouds,0.373333,0.372471,0.549167,0.167304,560,935,1495,Low,Low,Low,2715.4285714285716
329,2011-11-25,,2011,Nov,Not holiday,Fr,Workingday,Clear/Few clouds,0.375,0.380671,0.64375,0.0988958,1095,1697,2792,Normal,Low,Low,2629.714285714286
330,2011-11-26,,2011,Nov,Not holiday,Sa,Not Workday,Clear/Few clouds,0.375833,0.385087,0.681667,0.0684208,1249,1819,3068,Normal,Low,Low,2544.714285714286
331,2011-11-27,,2011,Nov,Not holiday,Su,Not Workday,Clear/Few clouds,0.459167,0.4558,0.698333,0.208954,810,2261,3071,Normal,Low,Low,2480.5714285714284
332,2011-11-28,,2011,Nov,Not holiday,Mo,Workingday,Clear/Few clouds,0.503478,0.490122,0.743043,0.142122,253,3614,3867,Normal,Low,Low,2638.0
333,2011-11-29,,2011,Nov,Not holiday,Tu,Workingday,Cloudy/Broken clouds,0.458333,0.451375,0.830833,0.258092,96,2818,2914,Normal,Low,Low,2824.714285714286
334,2011-11-30,,2011,Nov,Not holiday,We,Workingday,Clear/Few clouds,0.325,0.311221,0.613333,0.271158,188,3425,3613,Normal,Low,Low,2974.285714285714
335,2011-12-01,,2011,Dec,Not holiday,Th,Workingday,Clear/Few clouds,0.3125,0.305554,0.524583,0.220158,182,3545,3727,Normal,Low,Low,3293.1428571428573
336,2011-12-02,,2011,Dec,Not holiday,Fr,Workingday,Clear/Few clouds,0.314167,0.331433,0.625833,0.100754,268,3672,3940,Normal,Low,Low,3457.1428571428573
337,2011-12-03,,2011,Dec,Not holiday,Sa,Not Workday,Clear/Few clouds,0.299167,0.310604,0.612917,0.0957833,706,2908,3614,Normal,Low,Low,3535.1428571428573
338,2011-12-04,,2011,Dec,Not holiday,Su,Not Workday,Clear/Few clouds,0.330833,0.3491,0.775833,0.0839583,634,2851,3485,Normal,Low,Low,3594.285714285714
339,2011-12-05,,2011,Dec,Not holiday,Mo,Workingday,Cloudy/Broken clouds,0.385833,0.393925,0.827083,0.0622083,233,3578,3811,Normal,Low,Low,3586.285714285714
340,2011-12-06,,2011,Dec,Not holiday,Tu,Workingday,Light Rain/Snow,0.4625,0.4564,0.949583,0.232583,126,2468,2594,Normal,Low,Low,3540.5714285714284
341,2011-12-07,,2011,Dec,Not holiday,We,Workingday,Light Rain/Snow,0.41,0.400246,0.970417,0.266175,50,655,705,Low,Low,Low,3125.1428571428573
342,2011-12-08,,2011,Dec,Not holiday,Th,Workingday,Clear/Few clouds,0.265833,0.256938,0.58,0.240058,150,3172,3322,Normal,Low,Low,3067.285714285714
343,2011-12-09,,2011,Dec,Not holiday,Fr,Workingday,Clear/Few clouds,0.290833,0.317542,0.695833,0.0827167,261,3359,3620,Normal,Low,Low,3021.5714285714284
344,2011-12-10,,2011,Dec,Not holiday,Sa,Not Workday,Clear/Few clouds,0.275,0.266412,0.5075,0.233221,502,2688,3190,Normal,Low,Low,2961.0
345,2011-12-11,,2011,Dec,Not holiday,Su,Not Workday,Clear/Few clouds,0.220833,0.253154,0.49,0.0665417,377,2366,2743,Normal,Low,Low,2855.0
346,2011-12-12,,2011,Dec,Not holiday,Mo,Workingday,Clear/Few clouds,0.238333,0.270196,0.670833,0.06345,143,3167,3310,Normal,Low,Low,2783.4285714285716
347,2011-12-13,,2011,Dec,Not holiday,Tu,Workingday,Clear/Few clouds,0.2825,0.301138,0.59,0.14055,155,3368,3523,Normal,Low,Low,2916.1428571428573
348,2011-12-14,,2011,Dec,Not holiday,We,Workingday,Cloudy/Broken clouds,0.3175,0.338362,0.66375,0.0609583,178,3562,3740,Normal,Low,Low,3349.714285714286
349,2011-12-15,,2011,Dec,Not holiday,Th,Workingday,Cloudy/Broken clouds,0.4225,0.412237,0.634167,0.268042,181,3528,3709,Normal,Low,Low,3405.0
350,2011-12-16,,2011,Dec,Not holiday,Fr,Workingday,Cloudy/Broken clouds,0.375,0.359825,0.500417,0.260575,178,3399,3577,Normal,Low,Low,3398.8571428571427
351,2011-12-17,,2011,Dec,Not holiday,Sa,Not Workday,Cloudy/Broken clouds,0.258333,0.249371,0.560833,0.243167,275,2464,2739,Normal,Low,Low,3334.4285714285716
352,2011-12-18,,2011,Dec,Not holiday,Su,Not Workday,Clear/Few clouds,0.238333,0.245579,0.58625,0.169779,220,2211,2431,Low,Low,Low,3289.8571428571427
353,2011-12-19,,2011,Dec,Not holiday,Mo,Workingday,Clear/Few clouds,0.276667,0.280933,0.6375,0.172896,260,3143,3403,Normal,Low,Low,3303.1428571428573
354,2011-12-20,,2011,Dec,Not holiday,Tu,Workingday,Cloudy/Broken clouds,0.385833,0.396454,0.595417,0.0615708,216,3534,3750,Normal,Low,Low,3335.5714285714284
355,2011-12-21,,2011,Dec,Not holiday,We,Workingday,Cloudy/Broken clouds,0.428333,0.428017,0.858333,0.2214,107,2553,2660,Normal,Low,Low,3181.285714285714
356,2011-12-22,,2011,Dec,Not holiday,Th,Workingday,Cloudy/Broken clouds,0.423333,0.426121,0.7575,0.047275,227,2841,3068,Normal,Low,Low,3089.714285714286
357,2011-12-23,,2011,Dec,Not holiday,Fr,Workingday,Clear/Few clouds,0.373333,0.377513,0.68625,0.274246,163,2046,2209,Low,Low,Low,2894.285714285714
358,2011-12-24,,2011,Dec,Not holiday,Sa,Not Workday,Clear/Few clouds,0.3025,0.299242,0.5425,0.190304,155,856,1011,Low,Low,Low,2647.4285714285716
359,2011-12-25,,2011,Dec,Not holiday,Su,Not Workday,Clear/Few clouds,0.274783,0.279961,0.681304,0.155091,303,451,754,Low,Low,Low,2407.8571428571427
360,2011-12-26,,2011,Dec,Holiday,Mo,Not Workday,Clear/Few clouds,0.321739,0.315535,0.506957,0.239465,430,887,1317,Low,Low,Low,2109.8571428571427
361,2011-12-27,,2011,Dec,Not holiday,Tu,Workingday,Cloudy/Broken clouds,0.325,0.327633,0.7625,0.18845,103,1059,1162,Low,Low,Low,1740.142857142857
362,2011-12-28,,2011,Dec,Not holiday,We,Workingday,Clear/Few clouds,0.29913,0.279974,0.503913,0.293961,255,2047,2302,Low,Low,Low,1689.0
363,2011-12-29,,2011,Dec,Not holiday,Th,Workingday,Clear/Few clouds,0.248333,0.263892,0.574167,0.119412,254,2169,2423,Low,Low,Low,1596.857142857143
364,2011-12-30,,2011,Dec,Not holiday,Fr,Workingday,Clear/Few clouds,0.311667,0.318812,0.636667,0.134337,491,2508,2999,Normal,Low,Low,1709.7142857142858
365,2011-12-31,,2011,Dec,Not holiday,Sa,Not Workday,Clear/Few clouds,0.41,0.414121,0.615833,0.220154,665,1820,2485,Low,Low,Low,1920.2857142857142
366,2012-01-01,,2012,Jan,Not holiday,Su,Not Workday,Clear/Few clouds,0.37,0.375621,0.6925,0.192167,686,1608,2294,Low,Low,Low,2140.285714285714
367,2012-01-02,,2012,Jan,Holiday,Mo,Not Workday,Clear/Few clouds,0.273043,0.252304,0.381304,0.329665,244,1707,1951,Low,Low,Low,2230.8571428571427
368,2012-01-03,,2012,Jan,Not holiday,Tu,Workingday,Clear/Few clouds,0.15,0.126275,0.44125,0.365671,89,2147,2236,Low,Low,Low,2384.285714285714
369,2012-01-04,,2012,Jan,Not holiday,We,Workingday,Cloudy/Broken clouds,0.1075,0.119337,0.414583,0.1847,95,2273,2368,Low,Low,Low,2393.714285714286
370,2012-01-05,,2012,Jan,Not holiday,Th,Workingday,Clear/Few clouds,0.265833,0.278412,0.524167,0.129987,140,3132,3272,Normal,Low,Low,2515.0
371,2012-01-06,,2012,Jan,Not holiday,Fr,Workingday,Clear/Few clouds,0.334167,0.340267,0.542083,0.167908,307,3791,4098,Normal,Low,Low,2672.0
372,2012-01-07,,2012,Jan,Not holiday,Sa,Not Workday,Clear/Few clouds,0.393333,0.390779,0.531667,0.174758,1070,3451,4521,Normal,Low,Low,2962.8571428571427
373,2012-01-08,,2012,Jan,Not holiday,Su,Not Workday,Clear/Few clouds,0.3375,0.340258,0.465,0.191542,599,2826,3425,Normal,Low,Low,3124.4285714285716
374,2012-01-09,,2012,Jan,Not holiday,Mo,Workingday,Cloudy/Broken clouds,0.224167,0.247479,0.701667,0.0989,106,2270,2376,Low,Low,Low,3185.1428571428573
375,2012-01-10,,2012,Jan,Not holiday,Tu,Workingday,Clear/Few clouds,0.308696,0.318826,0.646522,0.187552,173,3425,3598,Normal,Low,Low,3379.714285714286
376,2012-01-11,,2012,Jan,Not holiday,We,Workingday,Cloudy/Broken clouds,0.274167,0.282821,0.8475,0.131221,92,2085,2177,Low,Low,Low,3352.4285714285716
377,2012-01-12,,2012,Jan,Not holiday,Th,Workingday,Cloudy/Broken clouds,0.3825,0.381938,0.802917,0.180967,269,3828,4097,Normal,Low,Low,3470.285714285714
378,2012-01-13,,2012,Jan,Not holiday,Fr,Workingday,Clear/Few clouds,0.274167,0.249362,0.5075,0.378108,174,3040,3214,Normal,Low,Low,3344.0
379,2012-01-14,,2012,Jan,Not holiday,Sa,Not Workday,Clear/Few clouds,0.18,0.183087,0.4575,0.187183,333,2160,2493,Low,Low,Low,3054.285714285714
380,2012-01-15,,2012,Jan,Not holiday,Su,Not Workday,Clear/Few clouds,0.166667,0.161625,0.419167,0.251258,284,2027,2311,Low,Low,Low,2895.1428571428573
381,2012-01-16,,2012,Jan,Holiday,Mo,Not Workday,Clear/Few clouds,0.19,0.190663,0.5225,0.231358,217,2081,2298,Low,Low,Low,2884.0
382,2012-01-17,,2012,Jan,Not holiday,Tu,Workingday,Cloudy/Broken clouds,0.373043,0.364278,0.716087,0.34913,127,2808,2935,Normal,Low,Low,2789.285714285714
384,2012-01-19,,2012,Jan,Not holiday,Th,Workingday,Clear/Few clouds,0.19,0.190038,0.4975,0.220158,130,3162,3292,Normal,Low,Low,2948.5714285714284
385,2012-01-20,,2012,Jan,Not holiday,Fr,Workingday,Cloudy/Broken clouds,0.2175,0.220958,0.45,0.20275,115,3048,3163,Normal,Low,Low,2815.1428571428573
386,2012-01-21,,2012,Jan,Not holiday,Sa,Not Workday,Cloudy/Broken clouds,0.173333,0.174875,0.83125,0.222642,67,1234,1301,Low,Low,Low,2541.8571428571427
387,2012-01-22,,2012,Jan,Not holiday,Su,Not Workday,Cloudy/Broken clouds,0.1625,0.16225,0.79625,0.199638,196,1781,1977,Low,Low,Low,2468.1428571428573
388,2012-01-23,,2012,Jan,Not holiday,Mo,Workingday,Cloudy/Broken clouds,0.218333,0.243058,0.91125,0.110708,145,2287,2432,Low,Low,Low,2485.4285714285716
389,2012-01-24,,2012,Jan,Not holiday,Tu,Workingday,Clear/Few clouds,0.3425,0.349108,0.835833,0.123767,439,3900,4339,Normal,Low,Low,2777.0
390,2012-01-25,,2012,Jan,Not holiday,We,Workingday,Clear/Few clouds,0.294167,0.294821,0.64375,0.161071,467,3803,4270,Normal,Low,Low,2967.714285714286
391,2012-01-26,,2012,Jan,Not holiday,Th,Workingday,Cloudy/Broken clouds,0.341667,0.35605,0.769583,0.0733958,244,3831,4075,Normal,Low,Low,3079.5714285714284
392,2012-01-27,,2012,Jan,Not holiday,Fr,Workingday,Cloudy/Broken clouds,0.425,0.415383,0.74125,0.342667,269,3187,3456,Normal,Low,Low,3121.4285714285716
393,2012-01-28,,2012,Jan,Not holiday,Sa,Not Workday,Clear/Few clouds,0.315833,0.326379,0.543333,0.210829,775,3248,4023,Normal,Low,Low,3510.285714285714
394,2012-01-29,,2012,Jan,Not holiday,Su,Not Workday,Clear/Few clouds,0.2825,0.272721,0.31125,0.24005,558,2685,3243,Normal,Low,Low,3691.1428571428573
395,2012-01-30,,2012,Jan,Not holiday,Mo,Workingday,Clear/Few clouds,0.269167,0.262625,0.400833,0.215792,126,3498,3624,Normal,Low,Low,3861.4285714285716
396,2012-01-31,,2012,Jan,Not holiday,Tu,Workingday,Clear/Few clouds,0.39,0.381317,0.416667,0.261817,324,4185,4509,Normal,Low,Low,3885.714285714286
397,2012-02-01,,2012,Feb,Not holiday,We,Workingday,Clear/Few clouds,0.469167,0.466538,0.507917,0.189067,304,4275,4579,Normal,Low,Low,3929.8571428571427
398,2012-02-02,,2012,Feb,Not holiday,Th,Workingday,Cloudy/Broken clouds,0.399167,0.398971,0.672917,0.187187,190,3571,3761,Normal,Low,Low,3885.0
399,2012-02-03,,2012,Feb,Not holiday,Fr,Workingday,Clear/Few clouds,0.313333,0.309346,0.526667,0.178496,310,3841,4151,Normal,Low,Low,3984.285714285714
400,2012-02-04,,2012,Feb,Not holiday,Sa,Not Workday,Cloudy/Broken clouds,0.264167,0.272725,0.779583,0.121896,384,2448,2832,Normal,Low,Low,3814.1428571428573
401,2012-02-05,,2012,Feb,Not holiday,Su,Not Workday,Cloudy/Broken clouds,0.265833,0.264521,0.687917,0.175996,318,2629,2947,Normal,Low,Low,3771.8571428571427
402,2012-02-06,,2012,Feb,Not holiday,Mo,Workingday,Clear/Few clouds,0.282609,0.296426,0.622174,0.1538,206,3578,3784,Normal,Low,Low,3794.714285714286
403,2012-02-07,,2012,Feb,Not holiday,Tu,Workingday,Clear/Few clouds,0.354167,0.361104,0.49625,0.147379,199,4176,4375,Normal,Low,Low,3775.5714285714284
404,2012-02-08,,2012,Feb,Not holiday,We,Workingday,Cloudy/Broken clouds,0.256667,0.266421,0.722917,0.133721,109,2693,2802,Normal,Low,Low,3521.714285714286
405,2012-02-09,,2012,Feb,Not holiday,Th,Workingday,Clear/Few clouds,0.265,0.261988,0.562083,0.194037,163,3667,3830,Normal,Low,Low,3531.5714285714284
406,2012-02-10,,2012,Feb,Not holiday,Fr,Workingday,Cloudy/Broken clouds,0.280833,0.293558,0.54,0.116929,227,3604,3831,Normal,Low,Low,3485.8571428571427
407,2012-02-11,,2012,Feb,Not holiday,Sa,Not Workday,Light Rain/Snow,0.224167,0.210867,0.73125,0.289796,192,1977,2169,Low,Low,Low,3391.1428571428573
409,2012-02-13,,2012,Feb,Not holiday,Mo,Workingday,Clear/Few clouds,0.2225,0.227913,0.41125,0.167283,94,3328,3422,Normal,Low,Low,3459.0
410,2012-02-14,,2012,Feb,Not holiday,Tu,Workingday,Cloudy/Broken clouds,0.319167,0.333946,0.50875,0.141179,135,3787,3922,Normal,Low,Low,3478.714285714286
411,2012-02-15,,2012,Feb,Not holiday,We,Workingday,Clear/Few clouds,0.348333,0.351629,0.53125,0.1816,141,4028,4169,Normal,Low,Low,3449.285714285714
412,2012-02-16,,2012,Feb,Not holiday,Th,Workingday,Cloudy/Broken clouds,0.316667,0.330162,0.752917,0.091425,74,2931,3005,Normal,Low,Low,3478.285714285714
413,2012-02-17,,2012,Feb,Not holiday,Fr,Workingday,Clear/Few clouds,0.343333,0.351629,0.634583,0.205846,349,3805,4154,Normal,Low,Low,3524.5714285714284
414,2012-02-18,,2012,Feb,Not holiday,Sa,Not Workday,Clear/Few clouds,0.346667,0.355425,0.534583,0.190929,1435,2883,4318,Normal,Low,Low,3594.1428571428573
415,2012-02-19,,2012,Feb,Not holiday,Su,Not Workday,Cloudy/Broken clouds,0.28,0.265788,0.515833,0.253112,618,2071,2689,Normal,Low,Low,3668.4285714285716
416,2012-02-20,,2012,Feb,Holiday,Mo,Not Workday,Clear/Few clouds,0.28,0.273391,0.507826,0.229083,502,2627,3129,Normal,Low,Low,3626.5714285714284
417,2012-02-21,,2012,Feb,Not holiday,Tu,Workingday,Clear/Few clouds,0.287826,0.295113,0.594348,0.205717,163,3614,3777,Normal,Low,Low,3605.8571428571427
418,2012-02-22,,2012,Feb,Not holiday,We,Workingday,Clear/Few clouds,0.395833,0.392667,0.567917,0.234471,394,4379,4773,Normal,Low,Low,3692.1428571428573
419,2012-02-23,,2012,Feb,Not holiday,Th,Workingday,Clear/Few clouds,0.454167,0.444446,0.554583,0.190913,516,4546,5062,Normal,Low,Low,3986.0
420,2012-02-24,,2012,Feb,Not holiday,Fr,Workingday,Cloudy/Broken clouds,0.4075,0.410971,0.7375,0.237567,246,3241,3487,Normal,Low,Low,3890.714285714286
422,2012-02-26,,2012,Feb,Not holiday,Su,Not Workday,Clear/Few clouds,0.279167,0.268308,0.41,0.205229,515,2874,3389,Normal,Low,Low,3758.0
423,2012-02-27,,2012,Feb,Not holiday,Mo,Workingday,Clear/Few clouds,0.366667,0.357954,0.490833,0.268033,253,4069,4322,Normal,Low,Low,3991.285714285714
424,2012-02-28,,2012,Feb,Not holiday,Tu,Workingday,Clear/Few clouds,0.359167,0.353525,0.395833,0.193417,229,4134,4363,Normal,Low,Low,4167.571428571428
425,2012-02-29,,2012,Feb,Not holiday,We,Workingday,Cloudy/Broken clouds,0.344348,0.34847,0.804783,0.179117,65,1769,1834,Low,Low,Low,3890.0
426,2012-03-01,,2012,Mar,Not holiday,Th,Workingday,Clear/Few clouds,0.485833,0.475371,0.615417,0.226987,325,4665,4990,Normal,Low,Low,3921.0
427,2012-03-02,,2012,Mar,Not holiday,Fr,Workingday,Cloudy/Broken clouds,0.353333,0.359842,0.657083,0.144904,246,2948,3194,Normal,Low,Low,3654.1428571428573
428,2012-03-03,,2012,Mar,Not holiday,Sa,Not Workday,Cloudy/Broken clouds,0.414167,0.413492,0.62125,0.161079,956,3110,4066,Normal,Low,Low,3736.8571428571427
429,2012-03-04,,2012,Mar,Not holiday,Su,Not Workday,Clear/Few clouds,0.325833,0.303021,0.403333,0.334571,710,2713,3423,Normal,Low,Low,3741.714285714286
430,2012-03-05,,2012,Mar,Not holiday,Mo,Workingday,Clear/Few clouds,0.243333,0.241171,0.50625,0.228858,203,3130,3333,Normal,Low,Low,3600.4285714285716
431,2012-03-06,,2012,Mar,Not holiday,Tu,Workingday,Clear/Few clouds,0.258333,0.255042,0.456667,0.200875,221,3735,3956,Normal,Low,Low,3542.285714285714
432,2012-03-07,,2012,Mar,Not holiday,We,Workingday,Clear/Few clouds,0.404167,0.3851,0.513333,0.345779,432,4484,4916,Normal,Low,Low,3982.5714285714284
435,2012-03-10,,2012,Mar,Not holiday,Sa,Not Workday,Clear/Few clouds,0.2875,0.277767,0.350417,0.22575,968,3150,4118,Normal,Low,Low,3858.0
436,2012-03-11,,2012,Mar,Not holiday,Su,Not Workday,Clear/Few clouds,0.361739,0.35967,0.476957,0.222587,1658,3253,4911,Normal,Low,Low,4103.285714285715
437,2012-03-12,,2012,Mar,Not holiday,Mo,Workingday,Clear/Few clouds,0.466667,0.459592,0.489167,0.207713,838,4460,5298,Normal,Low,Low,4279.285714285715
438,2012-03-13,,2012,Mar,Not holiday,Tu,Workingday,Clear/Few clouds,0.565,0.542929,0.6175,0.23695,762,5085,5847,Normal,Low,Low,4625.571428571428
439,2012-03-14,,2012,Mar,Not holiday,We,Workingday,Clear/Few clouds,0.5725,0.548617,0.507083,0.115062,997,5315,6312,High,Low,Low,5051.142857142857
440,2012-03-15,,2012,Mar,Not holiday,Th,Workingday,Clear/Few clouds,0.5575,0.532825,0.579583,0.149883,1005,5187,6192,Normal,Low,Low,5370.571428571428
441,2012-03-16,,2012,Mar,Not holiday,Fr,Workingday,Cloudy/Broken clouds,0.435833,0.436229,0.842083,0.113192,548,3830,4378,Normal,Low,Low,5293.714285714285
443,2012-03-18,,2012,Mar,Not holiday,Su,Not Workday,Cloudy/Broken clouds,0.4725,0.464,0.81,0.126883,2207,3685,5892,Normal,Low,Low,5547.142857142857
444,2012-03-19,,2012,Mar,Not holiday,Mo,Workingday,Clear/Few clouds,0.545,0.532821,0.72875,0.162317,982,5171,6153,Normal,Low,Low,5724.571428571428
445,2012-03-20,,2012,Mar,Not holiday,Tu,Workingday,Clear/Few clouds,0.560833,0.538533,0.807917,0.121271,1051,5042,6093,Normal,Low,Low,5838.142857142857
446,2012-03-21,,2012,Mar,Not holiday,We,Workingday,Cloudy/Broken clouds,0.531667,0.513258,0.82125,0.0895583,1122,5108,6230,Normal,Low,Low,5892.857142857143
447,2012-03-22,,2012,Mar,Not holiday,Th,Workingday,Clear/Few clouds,0.554167,0.531567,0.83125,0.117562,1334,5537,6871,High,Low,Low,5972.714285714285
449,2012-03-24,,2012,Mar,Not holiday,Sa,Not Workday,Cloudy/Broken clouds,0.5025,0.486733,0.885417,0.192783,1033,2339,3372,Normal,Low,Low,5569.857142857143
450,2012-03-25,,2012,Mar,Not holiday,Su,Not Workday,Cloudy/Broken clouds,0.4375,0.437488,0.880833,0.220775,1532,3464,4996,Normal,Low,Low,5658.142857142857
452,2012-03-27,,2012,Mar,Not holiday,Tu,Workingday,Clear/Few clouds,0.323333,0.315654,0.29,0.187192,531,4571,5102,Normal,Low,Low,5545.285714285715
453,2012-03-28,,2012,Mar,Not holiday,We,Workingday,Clear/Few clouds,0.484167,0.47095,0.48125,0.291671,674,5024,5698,Normal,Low,Low,5480.285714285715
454,2012-03-29,,2012,Mar,Not holiday,Th,Workingday,Clear/Few clouds,0.494167,0.482304,0.439167,0.31965,834,5299,6133,Normal,Low,Low,5486.0
455,2012-03-30,,2012,Mar,Not holiday,Fr,Workingday,Cloudy/Broken clouds,0.37,0.375621,0.580833,0.138067,796,4663,5459,Normal,Low,Low,5375.857142857143
458,2012-04-02,,2012,Apr,Not holiday,Mo,Workingday,Clear/Few clouds,0.433913,0.427513,0.504348,0.312139,1208,4728,5936,Normal,Low,Low,5242.285714285715
459,2012-04-03,,2012,Apr,Not holiday,Tu,Workingday,Clear/Few clouds,0.466667,0.461483,0.396667,0.100133,1348,5424,6772,High,Low,Low,5728.0
460,2012-04-04,,2012,Apr,Not holiday,We,Workingday,Clear/Few clouds,0.541667,0.53345,0.469583,0.180975,1058,5378,6436,High,Low,Low,5933.714285714285
461,2012-04-05,,2012,Apr,Not holiday,Th,Workingday,Clear/Few clouds,0.435,0.431163,0.374167,0.219529,1192,5265,6457,High,Low,Low,6127.285714285715
462,2012-04-06,,2012,Apr,Not holiday,Fr,Workingday,Clear/Few clouds,0.403333,0.390767,0.377083,0.300388,1807,4653,6460,High,Low,Low,6236.142857142857
464,2012-04-08,,2012,Apr,Not holiday,Su,Not Workday,Clear/Few clouds,0.5,0.492425,0.275833,0.232596,2230,2939,5169,Normal,Low,Low,6098.428571428572
465,2012-04-09,,2012,Apr,Not holiday,Mo,Workingday,Clear/Few clouds,0.489167,0.476638,0.3175,0.358196,905,4680,5585,Normal,Low,Low,6116.428571428572
466,2012-04-10,,2012,Apr,Not holiday,Tu,Workingday,Clear/Few clouds,0.446667,0.436233,0.435,0.249375,819,5099,5918,Normal,Low,Low,6113.857142857143
467,2012-04-11,,2012,Apr,Not holiday,We,Workingday,Clear/Few clouds,0.348696,0.337274,0.469565,0.295274,482,4380,4862,Normal,Low,Low,5841.0
468,2012-04-12,,2012,Apr,Not holiday,Th,Workingday,Clear/Few clouds,0.3975,0.387604,0.46625,0.290429,663,4746,5409,Normal,Low,Low,5694.285714285715
469,2012-04-13,,2012,Apr,Not holiday,Fr,Workingday,Clear/Few clouds,0.4425,0.431808,0.408333,0.155471,1252,5146,6398,High,Low,Low,5685.857142857143
472,2012-04-16,,2012,Apr,Holiday,Mo,Not Workday,Clear/Few clouds,0.664167,0.614925,0.561667,0.284829,1198,5172,6370,High,Low,Low,5673.0
473,2012-04-17,,2012,Apr,Not holiday,Tu,Workingday,Clear/Few clouds,0.608333,0.598487,0.390417,0.273629,989,5702,6691,High,Low,Low,5890.428571428572
474,2012-04-18,,2012,Apr,Not holiday,We,Workingday,Cloudy/Broken clouds,0.463333,0.457038,0.569167,0.167912,347,4020,4367,Normal,Low,Low,5716.428571428572
475,2012-04-19,,2012,Apr,Not holiday,Th,Workingday,Clear/Few clouds,0.498333,0.493046,0.6125,0.0659292,846,5719,6565,High,Low,Low,5808.857142857143
476,2012-04-20,,2012,Apr,Not holiday,Fr,Workingday,Clear/Few clouds,0.526667,0.515775,0.694583,0.149871,1340,5950,7290,High,Low,Low,6155.714285714285
478,2012-04-22,,2012,Apr,Not holiday,Su,Not Workday,Light Rain/Snow,0.396667,0.389504,0.835417,0.344546,120,907,1027,Low,Low,Low,5529.714285714285
479,2012-04-23,,2012,Apr,Not holiday,Mo,Workingday,Cloudy/Broken clouds,0.321667,0.301125,0.766667,0.303496,195,3019,3214,Normal,Low,Low,5074.857142857143
480,2012-04-24,,2012,Apr,Not holiday,Tu,Workingday,Clear/Few clouds,0.413333,0.405283,0.454167,0.249383,518,5115,5633,Normal,Low,Low,4969.571428571428
481,2012-04-25,,2012,Apr,Not holiday,We,Workingday,Clear/Few clouds,0.476667,0.470317,0.427917,0.118792,655,5541,6196,Normal,Low,Low,4898.857142857143
482,2012-04-26,,2012,Apr,Not holiday,Th,Workingday,Cloudy/Broken clouds,0.498333,0.483583,0.756667,0.176625,475,4551,5026,Normal,Low,Low,4993.0
483,2012-04-27,,2012,Apr,Not holiday,Fr,Workingday,Clear/Few clouds,0.4575,0.452637,0.400833,0.347633,1014,5219,6233,High,Low,Low,4945.571428571428
484,2012-04-28,,2012,Apr,Not holiday,Sa,Not Workday,Cloudy/Broken clouds,0.376667,0.377504,0.489583,0.129975,1120,3100,4220,Normal,Low,Low,4507.0
485,2012-04-29,,2012,Apr,Not holiday,Su,Not Workday,Clear/Few clouds,0.458333,0.450121,0.587083,0.116908,2229,4075,6304,High,Low,Low,5260.857142857143
486,2012-04-30,,2012,Apr,Not holiday,Mo,Workingday,Cloudy/Broken clouds,0.464167,0.457696,0.57,0.171638,665,4907,5572,Normal,Low,Low,5597.714285714285
487,2012-05-01,,2012,May,Not holiday,Tu,Workingday,Cloudy/Broken clouds,0.613333,0.577021,0.659583,0.156096,653,5087,5740,Normal,Low,Low,5613.0
488,2012-05-02,,2012,May,Not holiday,We,Workingday,Clear/Few clouds,0.564167,0.537896,0.797083,0.138058,667,5502,6169,Normal,Low,Low,5609.142857142857
489,2012-05-03,,2012,May,Not holiday,Th,Workingday,Cloudy/Broken clouds,0.56,0.537242,0.768333,0.133696,764,5657,6421,High,Low,Low,5808.428571428572
490,2012-05-04,,2012,May,Not holiday,Fr,Workingday,Clear/Few clouds,0.6275,0.590917,0.735417,0.162938,1069,5227,6296,High,Low,Low,5817.428571428572
492,2012-05-06,,2012,May,Not holiday,Su,Not Workday,Cloudy/Broken clouds,0.5625,0.546737,0.74,0.149879,2135,4224,6359,High,Low,Low,6123.0
493,2012-05-07,,2012,May,Not holiday,Mo,Workingday,Cloudy/Broken clouds,0.5375,0.527142,0.664167,0.230721,1008,5265,6273,High,Low,Low,6118.571428571428
494,2012-05-08,,2012,May,Not holiday,Tu,Workingday,Cloudy/Broken clouds,0.581667,0.557471,0.685833,0.296029,738,4990,5728,Normal,Low,Low,6140.857142857143
495,2012-05-09,,2012,May,Not holiday,We,Workingday,Cloudy/Broken clouds,0.575,0.553025,0.744167,0.216412,620,4097,4717,Normal,Low,Low,5994.714285714285
496,2012-05-10,,2012,May,Not holiday,Th,Workingday,Clear/Few clouds,0.505833,0.491783,0.552083,0.314063,1026,5546,6572,High,Low,Low,6052.285714285715
497,2012-05-11,,2012,May,Not holiday,Fr,Workingday,Clear/Few clouds,0.533333,0.520833,0.360417,0.236937,1319,5711,7030,High,Low,Low,6139.285714285715
499,2012-05-13,,2012,May,Not holiday,Su,Not Workday,Clear/Few clouds,0.6125,0.585238,0.57625,0.225117,2172,3946,6118,Normal,Low,Low,6113.857142857143
500,2012-05-14,,2012,May,Not holiday,Mo,Workingday,Cloudy/Broken clouds,0.573333,0.5499,0.789583,0.212692,342,2501,2843,Normal,Low,Low,5611.571428571428
501,2012-05-15,,2012,May,Not holiday,Tu,Workingday,Cloudy/Broken clouds,0.611667,0.576404,0.794583,0.147392,625,4490,5115,Normal,Low,Low,5446.142857142857
502,2012-05-16,,2012,May,Not holiday,We,Workingday,Clear/Few clouds,0.636667,0.595975,0.697917,0.122512,991,6433,7424,High,Low,Low,5688.428571428572
503,2012-05-17,,2012,May,Not holiday,Th,Workingday,Clear/Few clouds,0.593333,0.572613,0.52,0.229475,1242,6142,7384,High,Low,Low,6069.428571428572
504,2012-05-18,,2012,May,Not holiday,Fr,Workingday,Clear/Few clouds,0.564167,0.551121,0.523333,0.136817,1521,6118,7639,High,Low,Low,6221.857142857143
507,2012-05-21,,2012,May,Not holiday,Mo,Workingday,Cloudy/Broken clouds,0.598333,0.565667,0.81125,0.233204,630,3729,4359,Normal,Low,Low,5840.285714285715
508,2012-05-22,,2012,May,Not holiday,Tu,Workingday,Cloudy/Broken clouds,0.615,0.580825,0.765833,0.118167,819,5254,6073,Normal,Low,Low,5833.857142857143
509,2012-05-23,,2012,May,Not holiday,We,Workingday,Cloudy/Broken clouds,0.621667,0.584612,0.774583,0.102,766,4494,5260,Normal,Low,Low,6179.142857142857
510,2012-05-24,,2012,May,Not holiday,Th,Workingday,Clear/Few clouds,0.655,0.6067,0.716667,0.172896,1059,5711,6770,High,Low,Low,6415.571428571428
511,2012-05-25,,2012,May,Not holiday,Fr,Workingday,Clear/Few clouds,0.68,0.627529,0.747083,0.14055,1417,5317,6734,High,Low,Low,6317.0
515,2012-05-29,,2012,May,Not holiday,Tu,Workingday,Clear/Few clouds,0.7225,0.672992,0.684583,0.2954,880,4863,5743,Normal,Low,Low,6082.571428571428
516,2012-05-30,,2012,May,Not holiday,We,Workingday,Cloudy/Broken clouds,0.656667,0.611129,0.67,0.134329,745,6110,6855,High,Low,Low,5970.571428571428
517,2012-05-31,,2012,May,Not holiday,Th,Workingday,Clear/Few clouds,0.68,0.631329,0.492917,0.195279,1100,6238,7338,High,Low,Low,6396.142857142857
518,2012-06-01,,2012,Jun,Not holiday,Fr,Workingday,Cloudy/Broken clouds,0.654167,0.607962,0.755417,0.237563,533,3594,4127,Normal,Low,Low,6118.142857142857
521,2012-06-04,,2012,Jun,Not holiday,Mo,Workingday,Clear/Few clouds,0.5975,0.578283,0.487083,0.284833,1071,5927,6998,High,Low,Low,6366.428571428572
522,2012-06-05,,2012,Jun,Not holiday,Tu,Workingday,Cloudy/Broken clouds,0.540833,0.525892,0.613333,0.209575,968,6033,7001,High,Low,Low,6399.428571428572
523,2012-06-06,,2012,Jun,Not holiday,We,Workingday,Clear/Few clouds,0.554167,0.542292,0.61125,0.077125,1027,6028,7055,High,Low,Low,6445.285714285715
524,2012-06-07,,2012,Jun,Not holiday,Th,Workingday,Clear/Few clouds,0.6025,0.569442,0.567083,0.15735,1038,6456,7494,High,Low,Low,6695.428571428572
525,2012-06-08,,2012,Jun,Not holiday,Fr,Workingday,Clear/Few clouds,0.649167,0.597862,0.467917,0.175383,1488,6248,7736,High,Low,Low,6821.285714285715
527,2012-06-10,,2012,Jun,Not holiday,Su,Not Workday,Clear/Few clouds,0.726667,0.663517,0.538333,0.133721,2224,4374,6598,High,Low,Low,6715.571428571428
528,2012-06-11,,2012,Jun,Not holiday,Mo,Workingday,Cloudy/Broken clouds,0.720833,0.659721,0.587917,0.207713,1017,5647,6664,High,Low,Low,7078.0
529,2012-06-12,,2012,Jun,Not holiday,Tu,Workingday,Cloudy/Broken clouds,0.653333,0.597875,0.833333,0.214546,477,4495,4972,Normal,Low,Low,6788.571428571428
530,2012-06-13,,2012,Jun,Not holiday,We,Workingday,Clear/Few clouds,0.655833,0.611117,0.582083,0.343279,1173,6248,7421,High,Low,Low,6848.571428571428
531,2012-06-14,,2012,Jun,Not holiday,Th,Workingday,Clear/Few clouds,0.648333,0.624383,0.569583,0.253733,1180,6183,7363,High,Low,Low,6892.571428571428
532,2012-06-15,,2012,Jun,Not holiday,Fr,Workingday,Clear/Few clouds,0.639167,0.599754,0.589583,0.176617,1563,6102,7665,High,Low,Low,6917.0
535,2012-06-18,,2012,Jun,Not holiday,Mo,Workingday,Cloudy/Broken clouds,0.568333,0.544842,0.777917,0.174746,653,4446,5099,Normal,Low,Low,6540.285714285715
536,2012-06-19,,2012,Jun,Not holiday,Tu,Workingday,Clear/Few clouds,0.688333,0.654692,0.69,0.148017,968,5857,6825,High,Low,Low,6572.714285714285
537,2012-06-20,,2012,Jun,Not holiday,We,Workingday,Clear/Few clouds,0.7825,0.720975,0.592083,0.113812,872,5339,6211,Normal,Low,Low,6508.0
538,2012-06-21,,2012,Jun,Not holiday,Th,Workingday,Clear/Few clouds,0.805833,0.752542,0.567917,0.118787,778,5127,5905,Normal,Low,Low,6641.285714285715
539,2012-06-22,,2012,Jun,Not holiday,Fr,Workingday,Clear/Few clouds,0.7775,0.724121,0.57375,0.182842,964,4859,5823,Normal,Low,Low,6413.0
542,2012-06-25,,2012,Jun,Not holiday,Mo,Workingday,Clear/Few clouds,0.715833,0.654042,0.504167,0.300383,1139,5640,6779,High,Low,Low,6329.571428571428
543,2012-06-26,,2012,Jun,Not holiday,Tu,Workingday,Clear/Few clouds,0.630833,0.594704,0.373333,0.347642,1077,6365,7442,High,Low,Low,6297.714285714285
544,2012-06-27,,2012,Jun,Not holiday,We,Workingday,Clear/Few clouds,0.6975,0.640792,0.36,0.271775,1077,6258,7335,High,Low,Low,6617.142857142857
545,2012-06-28,,2012,Jun,Not holiday,Th,Workingday,Clear/Few clouds,0.749167,0.675512,0.4225,0.17165,921,5958,6879,High,Low,Low,6624.857142857143
546,2012-06-29,,2012,Jun,Not holiday,Fr,Workingday,Clear/Few clouds,0.834167,0.786613,0.48875,0.165417,829,4634,5463,Normal,Low,Low,6518.0
547,2012-06-30,,2012,Jun,Not holiday,Sa,Not Workday,Clear/Few clouds,0.765,0.687508,0.60125,0.161071,1455,4232,5687,Normal,Low,Low,6486.857142857143
548,2012-07-01,,2012,Jul,Not holiday,Su,Not Workday,Clear/Few clouds,0.815833,0.750629,0.51875,0.168529,1421,4110,5531,Normal,Low,Low,6445.142857142857
549,2012-07-02,,2012,Jul,Not holiday,Mo,Workingday,Clear/Few clouds,0.781667,0.702038,0.447083,0.195267,904,5323,6227,Normal,Low,Low,6366.285714285715
550,2012-07-03,,2012,Jul,Not holiday,Tu,Workingday,Clear/Few clouds,0.780833,0.70265,0.492083,0.126237,1052,5608,6660,High,Low,Low,6254.571428571428
552,2012-07-05,,2012,Jul,Not holiday,Th,Workingday,Clear/Few clouds,0.8275,0.761367,0.457917,0.194029,1405,4836,6241,High,Low,Low,6098.285714285715
553,2012-07-06,,2012,Jul,Not holiday,Fr,Workingday,Clear/Few clouds,0.828333,0.752533,0.450833,0.146142,1366,4841,6207,Normal,Low,Low,6002.285714285715
554,2012-07-07,,2012,Jul,Not holiday,Sa,Not Workday,Clear/Few clouds,0.861667,0.804913,0.492083,0.163554,1448,3392,4840,Normal,Low,Low,5913.285714285715
555,2012-07-08,,2012,Jul,Not holiday,Su,Not Workday,Clear/Few clouds,0.8225,0.790396,0.57375,0.125629,1203,3469,4672,Normal,Low,Low,5768.285714285715
556,2012-07-09,,2012,Jul,Not holiday,Mo,Workingday,Cloudy/Broken clouds,0.710833,0.654054,0.683333,0.180975,998,5571,6569,High,Low,Low,5916.571428571428
557,2012-07-10,,2012,Jul,Not holiday,Tu,Workingday,Cloudy/Broken clouds,0.720833,0.664796,0.6675,0.151737,954,5336,6290,High,Low,Low,5925.571428571428
558,2012-07-11,,2012,Jul,Not holiday,We,Workingday,Clear/Few clouds,0.716667,0.650271,0.633333,0.151733,975,6289,7264,High,Low,Low,6011.857142857143
559,2012-07-12,,2012,Jul,Not holiday,Th,Workingday,Clear/Few clouds,0.715833,0.654683,0.529583,0.146775,1032,6414,7446,High,Low,Low,6184.0
560,2012-07-13,,2012,Jul,Not holiday,Fr,Workingday,Cloudy/Broken clouds,0.731667,0.667933,0.485833,0.08085,1511,5988,7499,High,Low,Low,6368.571428571428
562,2012-07-15,,2012,Jul,Not holiday,Su,Not Workday,Clear/Few clouds,0.745833,0.705196,0.717917,0.166667,1920,4111,6031,Normal,Low,Low,6538.714285714285
563,2012-07-16,,2012,Jul,Not holiday,Mo,Workingday,Clear/Few clouds,0.763333,0.724125,0.645,0.164187,1088,5742,6830,High,Low,Low,6847.0
564,2012-07-17,,2012,Jul,Not holiday,Tu,Workingday,Clear/Few clouds,0.818333,0.755683,0.505833,0.114429,921,5865,6786,High,Low,Low,6878.0
565,2012-07-18,,2012,Jul,Not holiday,We,Workingday,Clear/Few clouds,0.793333,0.745583,0.577083,0.137442,799,4914,5713,Normal,Low,Low,6795.571428571428
566,2012-07-19,,2012,Jul,Not holiday,Th,Workingday,Clear/Few clouds,0.77,0.714642,0.600417,0.165429,888,5703,6591,High,Low,Low,6699.428571428572
567,2012-07-20,,2012,Jul,Not holiday,Fr,Workingday,Cloudy/Broken clouds,0.665833,0.613025,0.844167,0.208967,747,5123,5870,Normal,Low,Low,6474.285714285715
568,2012-07-21,,2012,Jul,Not holiday,Sa,Not Workday,Light Rain/Snow,0.595833,0.549912,0.865417,0.2133,1264,3195,4459,Normal,Low,Low,6040.0
570,2012-07-23,,2012,Jul,Not holiday,Mo,Workingday,Clear/Few clouds,0.741667,0.690017,0.694167,0.138683,1135,5831,6966,High,Low,Low,6173.571428571428
571,2012-07-24,,2012,Jul,Not holiday,Tu,Workingday,Clear/Few clouds,0.750833,0.70645,0.655,0.211454,1140,6452,7592,High,Low,Low,6282.428571428572
572,2012-07-25,,2012,Jul,Not holiday,We,Workingday,Clear/Few clouds,0.724167,0.654054,0.45,0.1648,1383,6790,8173,High,Low,Low,6480.571428571428
573,2012-07-26,,2012,Jul,Not holiday,Th,Workingday,Clear/Few clouds,0.776667,0.739263,0.596667,0.284813,1036,5825,6861,High,Low,Low,6644.571428571428
574,2012-07-27,,2012,Jul,Not holiday,Fr,Workingday,Clear/Few clouds,0.781667,0.734217,0.594583,0.152992,1259,5645,6904,High,Low,Low,6689.285714285715
575,2012-07-28,,2012,Jul,Not holiday,Sa,Not Workday,Clear/Few clouds,0.755833,0.697604,0.613333,0.15735,2234,4451,6685,High,Low,Low,6805.714285714285
576,2012-07-29,,2012,Jul,Not holiday,Su,Not Workday,Clear/Few clouds,0.721667,0.667933,0.62375,0.170396,2153,4444,6597,High,Low,Low,7111.142857142857
577,2012-07-30,,2012,Jul,Not holiday,Mo,Workingday,Clear/Few clouds,0.730833,0.684987,0.66875,0.153617,1040,6065,7105,High,Low,Low,7131.0
578,2012-07-31,,2012,Jul,Not holiday,Tu,Workingday,Clear/Few clouds,0.713333,0.662896,0.704167,0.165425,968,6248,7216,High,Low,Low,7077.285714285715
579,2012-08-01,,2012,Aug,Not holiday,We,Workingday,Clear/Few clouds,0.7175,0.667308,0.6775,0.141179,1074,6506,7580,High,Low,Low,6992.571428571428
580,2012-08-02,,2012,Aug,Not holiday,Th,Workingday,Clear/Few clouds,0.7525,0.707088,0.659583,0.129354,983,6278,7261,High,Low,Low,7049.714285714285
581,2012-08-03,,2012,Aug,Not holiday,Fr,Workingday,Cloudy/Broken clouds,0.765833,0.722867,0.6425,0.215792,1328,5847,7175,High,Low,Low,7088.428571428572
583,2012-08-05,,2012,Aug,Not holiday,Su,Not Workday,Clear/Few clouds,0.769167,0.731079,0.6525,0.290421,1707,3757,5464,Normal,Low,Low,6914.0
584,2012-08-06,,2012,Aug,Not holiday,Mo,Workingday,Cloudy/Broken clouds,0.7525,0.710246,0.654167,0.129354,1233,5780,7013,High,Low,Low,6973.428571428572
585,2012-08-07,,2012,Aug,Not holiday,Tu,Workingday,Cloudy/Broken clouds,0.735833,0.697621,0.70375,0.116908,1278,5995,7273,High,Low,Low,6997.428571428572
586,2012-08-08,,2012,Aug,Not holiday,We,Workingday,Cloudy/Broken clouds,0.75,0.707717,0.672917,0.1107,1263,6271,7534,High,Low,Low,7042.857142857143
587,2012-08-09,,2012,Aug,Not holiday,Th,Workingday,Clear/Few clouds,0.755833,0.699508,0.620417,0.1561,1196,6090,7286,High,Low,Low,7000.857142857143
588,2012-08-10,,2012,Aug,Not holiday,Fr,Workingday,Cloudy/Broken clouds,0.715833,0.667942,0.715833,0.238813,1065,4721,5786,Normal,Low,Low,6790.142857142857
589,2012-08-11,,2012,Aug,Not holiday,Sa,Not Workday,Cloudy/Broken clouds,0.6925,0.638267,0.732917,0.206479,2247,4052,6299,High,Low,Low,6665.0
590,2012-08-12,,2012,Aug,Not holiday,Su,Not Workday,Clear/Few clouds,0.700833,0.644579,0.530417,0.122512,2182,4362,6544,High,Low,Low,6819.285714285715
591,2012-08-13,,2012,Aug,Not holiday,Mo,Workingday,Clear/Few clouds,0.720833,0.662254,0.545417,0.136212,1207,5676,6883,High,Low,Low,6800.714285714285
592,2012-08-14,,2012,Aug,Not holiday,Tu,Workingday,Clear/Few clouds,0.726667,0.676779,0.686667,0.169158,1128,5656,6784,High,Low,Low,6730.857142857143
593,2012-08-15,,2012,Aug,Not holiday,We,Workingday,Clear/Few clouds,0.706667,0.654037,0.619583,0.169771,1198,6149,7347,High,Low,Low,6704.142857142857
594,2012-08-16,,2012,Aug,Not holiday,Th,Workingday,Clear/Few clouds,0.719167,0.654688,0.519167,0.141796,1338,6267,7605,High,Low,Low,6749.714285714285
595,2012-08-17,,2012,Aug,Not holiday,Fr,Workingday,Clear/Few clouds,0.723333,0.2424,0.570833,0.231354,1483,5665,7148,High,Low,Low,6944.285714285715
597,2012-08-19,,2012,Aug,Not holiday,Su,Not Workday,Cloudy/Broken clouds,0.635833,0.603554,0.711667,0.08645,1208,3341,4549,Normal,Low,Low,6694.285714285715
598,2012-08-20,,2012,Aug,Not holiday,Mo,Workingday,Cloudy/Broken clouds,0.635833,0.595967,0.734167,0.129979,1026,5504,6530,High,Low,Low,6692.285714285715
599,2012-08-21,,2012,Aug,Not holiday,Tu,Workingday,Clear/Few clouds,0.649167,0.601025,0.67375,0.0727708,1081,5925,7006,High,Low,Low,6709.857142857143
600,2012-08-22,,2012,Aug,Not holiday,We,Workingday,Clear/Few clouds,0.6675,0.621854,0.677083,0.0702833,1094,6281,7375,High,Low,Low,6794.285714285715
601,2012-08-23,,2012,Aug,Not holiday,Th,Workingday,Clear/Few clouds,0.695833,0.637008,0.635833,0.0845958,1363,6402,7765,High,Low,Low,6854.0
602,2012-08-24,,2012,Aug,Not holiday,Fr,Workingday,Cloudy/Broken clouds,0.7025,0.6471,0.615,0.0721458,1325,6257,7582,High,Low,Low,6850.714285714285
603,2012-08-25,,2012,Aug,Not holiday,Sa,Not Workday,Cloudy/Broken clouds,0.661667,0.618696,0.712917,0.244408,1829,4224,6053,Normal,Low,Low,6694.285714285715
604,2012-08-26,,2012,Aug,Not holiday,Su,Not Workday,Cloudy/Broken clouds,0.653333,0.595996,0.845833,0.228858,1483,3772,5255,Normal,Low,Low,6795.142857142857
605,2012-08-27,,2012,Aug,Not holiday,Mo,Workingday,Clear/Few clouds,0.703333,0.654688,0.730417,0.128733,989,5928,6917,High,Low,Low,6850.428571428572
606,2012-08-28,,2012,Aug,Not holiday,Tu,Workingday,Clear/Few clouds,0.728333,0.66605,0.62,0.190925,935,6105,7040,High,Low,Low,6855.285714285715
607,2012-08-29,,2012,Aug,Not holiday,We,Workingday,Clear/Few clouds,0.685,0.635733,0.552083,0.112562,1177,6520,7697,High,Low,Low,6901.285714285715
608,2012-08-30,,2012,Aug,Not holiday,Th,Workingday,Clear/Few clouds,0.706667,0.652779,0.590417,0.0771167,1172,6541,7713,High,Low,Low,6893.857142857143
609,2012-08-31,,2012,Aug,Not holiday,Fr,Workingday,Clear/Few clouds,0.764167,0.6894,0.5875,0.168533,1433,5917,7350,High,Low,Low,6860.714285714285
612,2012-09-03,,2012,Sep,Holiday,Mo,Not Workday,Clear/Few clouds,0.7075,0.661629,0.790833,0.151121,1965,4069,6034,Normal,Low,Low,6858.0
613,2012-09-04,,2012,Sep,Not holiday,Tu,Workingday,Clear/Few clouds,0.725833,0.686888,0.755,0.236321,867,5997,6864,High,Low,Low,7087.857142857143
614,2012-09-05,,2012,Sep,Not holiday,We,Workingday,Clear/Few clouds,0.736667,0.708983,0.74125,0.187808,832,6280,7112,High,Low,Low,7115.714285714285
615,2012-09-06,,2012,Sep,Not holiday,Th,Workingday,Cloudy/Broken clouds,0.696667,0.655329,0.810417,0.142421,611,5592,6203,Normal,Low,Low,6996.142857142857
616,2012-09-07,,2012,Sep,Not holiday,Fr,Workingday,Clear/Few clouds,0.703333,0.657204,0.73625,0.171646,1045,6459,7504,High,Low,Low,6968.571428571428
617,2012-09-08,,2012,Sep,Not holiday,Sa,Not Workday,Cloudy/Broken clouds,0.659167,0.611121,0.799167,0.281104,1557,4419,5976,Normal,Low,Low,6720.428571428572
619,2012-09-10,,2012,Sep,Not holiday,Mo,Workingday,Clear/Few clouds,0.583333,0.565654,0.50375,0.258713,1118,6407,7525,High,Low,Low,6745.428571428572
620,2012-09-11,,2012,Sep,Not holiday,Tu,Workingday,Clear/Few clouds,0.5775,0.554292,0.52,0.0920542,1070,6697,7767,High,Low,Low,6993.0
621,2012-09-12,,2012,Sep,Not holiday,We,Workingday,Clear/Few clouds,0.599167,0.570075,0.577083,0.131846,1050,6820,7870,High,Low,Low,7136.714285714285
622,2012-09-13,,2012,Sep,Not holiday,Th,Workingday,Clear/Few clouds,0.6125,0.579558,0.637083,0.0827208,1054,6750,7804,High,Low,Low,7235.571428571428
623,2012-09-14,,2012,Sep,Not holiday,Fr,Workingday,Clear/Few clouds,0.633333,0.594083,0.6725,0.103863,1379,6630,8009,High,Low,Low,7493.571428571428
625,2012-09-16,,2012,Sep,Not holiday,Su,Not Workday,Clear/Few clouds,0.58,0.563125,0.57,0.0901833,2166,5167,7333,High,Low,Low,7469.142857142857
626,2012-09-17,,2012,Sep,Not holiday,Mo,Workingday,Cloudy/Broken clouds,0.580833,0.55305,0.734583,0.151742,1022,5847,6869,High,Low,Low,7596.714285714285
627,2012-09-18,,2012,Sep,Not holiday,Tu,Workingday,Cloudy/Broken clouds,0.623333,0.565067,0.8725,0.357587,371,3702,4073,Normal,Low,Low,7103.571428571428
628,2012-09-19,,2012,Sep,Not holiday,We,Workingday,Clear/Few clouds,0.5525,0.540404,0.536667,0.215175,788,6803,7591,High,Low,Low,7078.428571428572
629,2012-09-20,,2012,Sep,Not holiday,Th,Workingday,Clear/Few clouds,0.546667,0.532192,0.618333,0.118167,939,6781,7720,High,Low,Low,7057.0
630,2012-09-21,,2012,Sep,Not holiday,Fr,Workingday,Clear/Few clouds,0.599167,0.571971,0.66875,0.154229,1250,6917,8167,High,Low,Low,7108.857142857143
633,2012-09-24,,2012,Sep,Not holiday,Mo,Workingday,Clear/Few clouds,0.514167,0.502513,0.492917,0.142404,1001,6435,7436,High,Low,Low,7027.0
634,2012-09-25,,2012,Sep,Not holiday,Tu,Workingday,Clear/Few clouds,0.55,0.544179,0.57,0.236321,845,6693,7538,High,Low,Low,7056.285714285715
635,2012-09-26,,2012,Sep,Not holiday,We,Workingday,Clear/Few clouds,0.635,0.596613,0.630833,0.2444,787,6946,7733,High,Low,Low,7179.714285714285
636,2012-09-27,,2012,Sep,Not holiday,Th,Workingday,Cloudy/Broken clouds,0.65,0.607975,0.690833,0.134342,751,6642,7393,High,Low,Low,7654.0
637,2012-09-28,,2012,Sep,Not holiday,Fr,Workingday,Cloudy/Broken clouds,0.619167,0.585863,0.69,0.164179,1045,6370,7415,High,Low,Low,7628.857142857143
639,2012-09-30,,2012,Sep,Not holiday,Su,Not Workday,Clear/Few clouds,0.526667,0.517663,0.583333,0.134958,2015,4874,6889,High,Low,Low,7510.142857142857
640,2012-10-01,,2012,Oct,Not holiday,Mo,Workingday,Cloudy/Broken clouds,0.520833,0.512,0.649167,0.0908042,763,6015,6778,High,Low,Low,7311.714285714285
641,2012-10-02,,2012,Oct,Not holiday,Tu,Workingday,Light Rain/Snow,0.590833,0.542333,0.871667,0.104475,315,4324,4639,Normal,Low,Low,6912.142857142857
642,2012-10-03,,2012,Oct,Not holiday,We,Workingday,Cloudy/Broken clouds,0.6575,0.599133,0.79375,0.0665458,728,6844,7572,High,Low,Low,6917.0
643,2012-10-04,,2012,Oct,Not holiday,Th,Workingday,Cloudy/Broken clouds,0.6575,0.607975,0.722917,0.117546,891,6437,7328,High,Low,Low,6859.142857142857
644,2012-10-05,,2012,Oct,Not holiday,Fr,Workingday,Clear/Few clouds,0.615,0.580187,0.6275,0.10635,1516,6640,8156,High,Low,Low,6968.142857142857
646,2012-10-07,,2012,Oct,Not holiday,Su,Not Workday,Cloudy/Broken clouds,0.415833,0.419813,0.708333,0.141162,781,2729,3510,Normal,Low,Low,6410.285714285715
647,2012-10-08,,2012,Oct,Holiday,Mo,Not Workday,Cloudy/Broken clouds,0.383333,0.387608,0.709583,0.189679,874,4604,5478,Normal,Low,Low,6208.714285714285
648,2012-10-09,,2012,Oct,Not holiday,Tu,Workingday,Cloudy/Broken clouds,0.446667,0.438112,0.761667,0.1903,601,5791,6392,High,Low,Low,6153.571428571428
649,2012-10-10,,2012,Oct,Not holiday,We,Workingday,Clear/Few clouds,0.514167,0.503142,0.630833,0.187821,780,6911,7691,High,Low,Low,6589.571428571428
650,2012-10-11,,2012,Oct,Not holiday,Th,Workingday,Clear/Few clouds,0.435,0.431167,0.463333,0.181596,834,6736,7570,High,Low,Low,6589.285714285715
651,2012-10-12,,2012,Oct,Not holiday,Fr,Workingday,Clear/Few clouds,0.4375,0.433071,0.539167,0.235092,1060,6222,7282,High,Low,Low,6582.714285714285
652,2012-10-13,,2012,Oct,Not holiday,Sa,Not Workday,Clear/Few clouds,0.393333,0.391396,0.494583,0.146142,2252,4857,7109,High,Low,Low,6433.142857142857
653,2012-10-14,,2012,Oct,Not holiday,Su,Not Workday,Clear/Few clouds,0.521667,0.508204,0.640417,0.278612,2080,4559,6639,High,Low,Low,6880.142857142857
654,2012-10-15,,2012,Oct,Not holiday,Mo,Workingday,Cloudy/Broken clouds,0.561667,0.53915,0.7075,0.296037,760,5115,5875,Normal,Low,Low,6936.857142857143
655,2012-10-16,,2012,Oct,Not holiday,Tu,Workingday,Clear/Few clouds,0.468333,0.460846,0.558333,0.182221,922,6612,7534,High,Low,Low,7100.0
656,2012-10-17,,2012,Oct,Not holiday,We,Workingday,Clear/Few clouds,0.455833,0.450108,0.692917,0.101371,979,6482,7461,High,Low,Low,7067.142857142857
657,2012-10-18,,2012,Oct,Not holiday,Th,Workingday,Cloudy/Broken clouds,0.5225,0.512625,0.728333,0.236937,1008,6501,7509,High,Low,Low,7058.428571428572
658,2012-10-19,,2012,Oct,Not holiday,Fr,Workingday,Cloudy/Broken clouds,0.563333,0.537896,0.815,0.134954,753,4671,5424,Normal,Low,Low,6793.0
660,2012-10-21,,2012,Oct,Not holiday,Su,Not Workday,Clear/Few clouds,0.464167,0.456429,0.51,0.166054,2132,4692,6824,High,Low,Low,6752.285714285715
661,2012-10-22,,2012,Oct,Not holiday,Mo,Workingday,Clear/Few clouds,0.4875,0.482942,0.568333,0.0814833,830,6228,7058,High,Low,Low,6812.142857142857
662,2012-10-23,,2012,Oct,Not holiday,Tu,Workingday,Clear/Few clouds,0.544167,0.530304,0.641667,0.0945458,841,6625,7466,High,Low,Low,7039.428571428572
663,2012-10-24,,2012,Oct,Not holiday,We,Workingday,Clear/Few clouds,0.5875,0.558721,0.63625,0.0727792,795,6898,7693,High,Low,Low,7062.142857142857
664,2012-10-25,,2012,Oct,Not holiday,Th,Workingday,Cloudy/Broken clouds,0.55,0.529688,0.800417,0.124375,875,6484,7359,High,Low,Low,7047.571428571428
665,2012-10-26,,2012,Oct,Not holiday,Fr,Workingday,Cloudy/Broken clouds,0.545833,0.52275,0.807083,0.132467,1182,6262,7444,High,Low,Low,7038.285714285715
668,2012-10-29,,2012,Oct,Not holiday,Mo,Workingday,Light Rain/Snow,0.44,0.4394,0.88,0.3582,2,20,22,Low,Low,Low,6266.571428571428
669,2012-10-30,,2012,Oct,Not holiday,Tu,Workingday,Cloudy/Broken clouds,0.318182,0.309909,0.825455,0.213009,87,1009,1096,Low,Low,Low,5448.285714285715
670,2012-10-31,,2012,Oct,Not holiday,We,Workingday,Cloudy/Broken clouds,0.3575,0.3611,0.666667,0.166667,419,5147,5566,Normal,Low,Low,5235.142857142857
671,2012-11-01,,2012,Nov,Not holiday,Th,Workingday,Cloudy/Broken clouds,0.365833,0.369942,0.581667,0.157346,466,5520,5986,Normal,Low,Low,5023.714285714285
672,2012-11-02,,2012,Nov,Not holiday,Fr,Workingday,Clear/Few clouds,0.355,0.356042,0.522083,0.266175,618,5229,5847,Normal,Low,Low,4760.0
673,2012-11-03,,2012,Nov,Not holiday,Sa,Not Workday,Cloudy/Broken clouds,0.343333,0.323846,0.49125,0.270529,1029,4109,5138,Normal,Low,Low,4442.714285714285
674,2012-11-04,,2012,Nov,Not holiday,Su,Not Workday,Clear/Few clouds,0.325833,0.329538,0.532917,0.179108,1201,3906,5107,Normal,Low,Low,4108.857142857143
675,2012-11-05,,2012,Nov,Not holiday,Mo,Workingday,Clear/Few clouds,0.319167,0.308075,0.494167,0.236325,378,4881,5259,Normal,Low,Low,4857.0
676,2012-11-06,,2012,Nov,Not holiday,Tu,Workingday,Clear/Few clouds,0.280833,0.281567,0.567083,0.173513,466,5220,5686,Normal,Low,Low,5512.714285714285
677,2012-11-07,,2012,Nov,Not holiday,We,Workingday,Cloudy/Broken clouds,0.295833,0.274621,0.5475,0.304108,326,4709,5035,Normal,Low,Low,5436.857142857143
678,2012-11-08,,2012,Nov,Not holiday,Th,Workingday,Clear/Few clouds,0.352174,0.341891,0.333478,0.347835,340,4975,5315,Normal,Low,Low,5341.0
679,2012-11-09,,2012,Nov,Not holiday,Fr,Workingday,Clear/Few clouds,0.361667,0.355413,0.540833,0.214558,709,5283,5992,Normal,Low,Low,5361.714285714285
680,2012-11-10,,2012,Nov,Not holiday,Sa,Not Workday,Clear/Few clouds,0.389167,0.393937,0.645417,0.0578458,2090,4446,6536,High,Low,Low,5561.428571428572
682,2012-11-12,,2012,Nov,Holiday,Mo,Not Workday,Clear/Few clouds,0.485,0.475383,0.741667,0.173517,1097,5172,6269,High,Low,Low,5727.428571428572
683,2012-11-13,,2012,Nov,Not holiday,Tu,Workingday,Cloudy/Broken clouds,0.343333,0.323225,0.662917,0.342046,327,3767,4094,Normal,Low,Low,5561.0
684,2012-11-14,,2012,Nov,Not holiday,We,Workingday,Clear/Few clouds,0.289167,0.281563,0.552083,0.199625,373,5122,5495,Normal,Low,Low,5533.714285714285
685,2012-11-15,,2012,Nov,Not holiday,Th,Workingday,Cloudy/Broken clouds,0.321667,0.324492,0.620417,0.152987,320,5125,5445,Normal,Low,Low,5592.285714285715
686,2012-11-16,,2012,Nov,Not holiday,Fr,Workingday,Clear/Few clouds,0.345,0.347204,0.524583,0.171025,484,5214,5698,Normal,Low,Low,5647.0
687,2012-11-17,,2012,Nov,Not holiday,Sa,Not Workday,Clear/Few clouds,0.325,0.326383,0.545417,0.179729,1313,4316,5629,Normal,Low,Low,5595.142857142857
688,2012-11-18,,2012,Nov,Not holiday,Su,Not Workday,Clear/Few clouds,0.3425,0.337746,0.692917,0.227612,922,3747,4669,Normal,Low,Low,5328.428571428572
689,2012-11-19,,2012,Nov,Not holiday,Mo,Workingday,Cloudy/Broken clouds,0.380833,0.375621,0.623333,0.235067,449,5050,5499,Normal,Low,Low,5218.428571428572
690,2012-11-20,,2012,Nov,Not holiday,Tu,Workingday,Cloudy/Broken clouds,0.374167,0.380667,0.685,0.082725,534,5100,5634,Normal,Low,Low,5438.428571428572
691,2012-11-21,,2012,Nov,Not holiday,We,Workingday,Clear/Few clouds,0.353333,0.364892,0.61375,0.103246,615,4531,5146,Normal,Low,Low,5388.571428571428
692,2012-11-22,,2012,Nov,Holiday,Th,Not Workday,Clear/Few clouds,0.34,0.350371,0.580417,0.0528708,955,1470,2425,Low,Low,Low,4957.142857142857
693,2012-11-23,,2012,Nov,Not holiday,Fr,Workingday,Clear/Few clouds,0.368333,0.378779,0.56875,0.148021,1603,2307,3910,Normal,Low,Low,4701.714285714285
694,2012-11-24,,2012,Nov,Not holiday,Sa,Not Workday,Clear/Few clouds,0.278333,0.248742,0.404583,0.376871,532,1745,2277,Low,Low,Low,4222.857142857143
695,2012-11-25,,2012,Nov,Not holiday,Su,Not Workday,Clear/Few clouds,0.245833,0.257583,0.468333,0.1505,309,2115,2424,Low,Low,Low,3902.1428571428573
696,2012-11-26,,2012,Nov,Not holiday,Mo,Workingday,Clear/Few clouds,0.313333,0.339004,0.535417,0.04665,337,4750,5087,Normal,Low,Low,3843.285714285714
697,2012-11-27,,2012,Nov,Not holiday,Tu,Workingday,Cloudy/Broken clouds,0.291667,0.281558,0.786667,0.237562,123,3836,3959,Normal,Low,Low,3604.0
698,2012-11-28,,2012,Nov,Not holiday,We,Workingday,Clear/Few clouds,0.296667,0.289762,0.50625,0.210821,198,5062,5260,Normal,Low,Low,3620.285714285714
699,2012-11-29,,2012,Nov,Not holiday,Th,Workingday,Clear/Few clouds,0.28087,0.298422,0.555652,0.115522,243,5080,5323,Normal,Low,Low,4034.285714285714
700,2012-11-30,,2012,Nov,Not holiday,Fr,Workingday,Clear/Few clouds,0.298333,0.323867,0.649583,0.0584708,362,5306,5668,Normal,Low,Low,4285.428571428572
701,2012-12-01,,2012,Dec,Not holiday,Sa,Not Workday,Cloudy/Broken clouds,0.298333,0.316904,0.806667,0.0597042,951,4240,5191,Normal,Low,Low,4701.714285714285
702,2012-12-02,,2012,Dec,Not holiday,Su,Not Workday,Cloudy/Broken clouds,0.3475,0.359208,0.823333,0.124379,892,3757,4649,Normal,Low,Low,5019.571428571428
703,2012-12-03,,2012,Dec,Not holiday,Mo,Workingday,Clear/Few clouds,0.4525,0.455796,0.7675,0.0827208,555,5679,6234,High,Low,Low,5183.428571428572
704,2012-12-04,,2012,Dec,Not holiday,Tu,Workingday,Clear/Few clouds,0.475833,0.469054,0.73375,0.174129,551,6055,6606,High,Low,Low,5561.571428571428
705,2012-12-05,,2012,Dec,Not holiday,We,Workingday,Clear/Few clouds,0.438333,0.428012,0.485,0.324021,331,5398,5729,Normal,Low,Low,5628.571428571428
706,2012-12-06,,2012,Dec,Not holiday,Th,Workingday,Clear/Few clouds,0.255833,0.258204,0.50875,0.174754,340,5035,5375,Normal,Low,Low,5636.0
707,2012-12-07,,2012,Dec,Not holiday,Fr,Workingday,Cloudy/Broken clouds,0.320833,0.321958,0.764167,0.1306,349,4659,5008,Normal,Low,Low,5541.714285714285
708,2012-12-08,,2012,Dec,Not holiday,Sa,Not Workday,Cloudy/Broken clouds,0.381667,0.389508,0.91125,0.101379,1153,4429,5582,Normal,Low,Low,5597.571428571428
709,2012-12-09,,2012,Dec,Not holiday,Su,Not Workday,Cloudy/Broken clouds,0.384167,0.390146,0.905417,0.157975,441,2787,3228,Normal,Low,Low,5394.571428571428
710,2012-12-10,,2012,Dec,Not holiday,Mo,Workingday,Cloudy/Broken clouds,0.435833,0.435575,0.925,0.190308,329,4841,5170,Normal,Low,Low,5242.571428571428
711,2012-12-11,,2012,Dec,Not holiday,Tu,Workingday,Cloudy/Broken clouds,0.353333,0.338363,0.596667,0.296037,282,5219,5501,Normal,Low,Low,5084.714285714285
712,2012-12-12,,2012,Dec,Not holiday,We,Workingday,Cloudy/Broken clouds,0.2975,0.297338,0.538333,0.162937,310,5009,5319,Normal,Low,Low,5026.142857142857
713,2012-12-13,,2012,Dec,Not holiday,Th,Workingday,Clear/Few clouds,0.295833,0.294188,0.485833,0.174129,425,5107,5532,Normal,Low,Low,5048.571428571428
714,2012-12-14,,2012,Dec,Not holiday,Fr,Workingday,Clear/Few clouds,0.281667,0.294192,0.642917,0.131229,429,5182,5611,Normal,Low,Low,5134.714285714285
715,2012-12-15,,2012,Dec,Not holiday,Sa,Not Workday,Clear/Few clouds,0.324167,0.338383,0.650417,0.10635,767,4280,5047,Normal,Low,Low,5058.285714285715
716,2012-12-16,,2012,Dec,Not holiday,Su,Not Workday,Cloudy/Broken clouds,0.3625,0.369938,0.83875,0.100742,538,3248,3786,Normal,Low,Low,5138.0
717,2012-12-17,,2012,Dec,Not holiday,Mo,Workingday,Cloudy/Broken clouds,0.393333,0.4015,0.907083,0.0982583,212,4373,4585,Normal,Low,Low,5054.428571428572
718,2012-12-18,,2012,Dec,Not holiday,Tu,Workingday,Clear/Few clouds,0.410833,0.409708,0.66625,0.221404,433,5124,5557,Normal,Low,Low,5062.428571428572
719,2012-12-19,,2012,Dec,Not holiday,We,Workingday,Clear/Few clouds,0.3325,0.342162,0.625417,0.184092,333,4934,5267,Normal,Low,Low,5055.0
720,2012-12-20,,2012,Dec,Not holiday,Th,Workingday,Cloudy/Broken clouds,0.33,0.335217,0.667917,0.132463,314,3814,4128,Normal,Low,Low,4854.428571428572
721,2012-12-21,,2012,Dec,Not holiday,Fr,Workingday,Cloudy/Broken clouds,0.326667,0.301767,0.556667,0.374383,221,3402,3623,Normal,Low,Low,4570.428571428572
723,2012-12-23,,2012,Dec,Not holiday,Su,Not Workday,Clear/Few clouds,0.245833,0.259471,0.515417,0.133083,408,1379,1787,Low,Low,Low,4104.714285714285
724,2012-12-24,,2012,Dec,Not holiday,Mo,Workingday,Cloudy/Broken clouds,0.231304,0.2589,0.791304,0.0772304,174,746,920,Low,Low,Low,3695.285714285714
725,2012-12-25,,2012,Dec,Holiday,Tu,Not Workday,Cloudy/Broken clouds,0.291304,0.294465,0.734783,0.168726,440,573,1013,Low,Low,Low,3185.0
726,2012-12-26,,2012,Dec,Not holiday,We,Workingday,Light Rain/Snow,0.243333,0.220333,0.823333,0.316546,9,432,441,Low,Low,Low,2454.1428571428573
727,2012-12-27,,2012,Dec,Not holiday,Th,Workingday,Cloudy/Broken clouds,0.254167,0.226642,0.652917,0.350133,247,1867,2114,Low,Low,Low,2003.7142857142858
728,2012-12-28,,2012,Dec,Not holiday,Fr,Workingday,Cloudy/Broken clouds,0.253333,0.255046,0.59,0.155471,644,2451,3095,Normal,Low,Low,1856.142857142857
729,2012-12-29,,2012,Dec,Not holiday,Sa,Not Workday,Cloudy/Broken clouds,0.253333,0.2424,0.752917,0.124383,159,1182,1341,Low,Low,Low,1530.142857142857
730,2012-12-30,,2012,Dec,Not holiday,Su,Not Workday,Clear/Few clouds,0.255833,0.2317,0.483333,0.350754,364,1432,1796,Low,Low,Low,1531.4285714285713
731,2012-12-31,,2012,Dec,Not holiday,Mo,Workingday,Cloudy/Broken clouds,0.215833,0.223487,0.5775,0.154846,439,2290,2729,Normal,Low,Low,1789.857142857143
